Designator,Val,Package,Mid X,Mid Y,Rotation,Layer
C1,100n,C_0603_1608Metric,5.222511,-70.318635,270.0,bottom
C1,100n,C_0603_1608Metric,24.272511,-51.268635,270.0,bottom
C1,100n,C_0603_1608Metric,62.372511,-51.268635,270.0,bottom
C1,100n,C_0603_1608Metric,81.422511,-89.368635,270.0,bottom
C1,100n,C_0603_1608Metric,43.322511,-13.168635,270.0,bottom
C1,100n,C_0603_1608Metric,62.372511,-13.168635,270.0,bottom
C1,100n,C_0603_1608Metric,62.372511,-32.218635,270.0,bottom
C1,100n,C_0603_1608Metric,81.422511,-51.268635,270.0,bottom
C1,100n,C_0603_1608Metric,81.422511,-165.568635,270.0,bottom
C1,100n,C_0603_1608Metric,24.272511,-13.168635,270.0,bottom
C1,100n,C_0603_1608Metric,24.272511,-32.218635,270.0,bottom
C1,100n,C_0603_1608Metric,81.422511,-13.168635,270.0,bottom
C1,100n,C_0603_1608Metric,5.222511,-13.168635,270.0,bottom
C1,100n,C_0603_1608Metric,43.322511,-89.368635,270.0,bottom
C1,100n,C_0603_1608Metric,81.422511,-70.318635,270.0,bottom
C1,100n,C_0603_1608Metric,43.322511,-32.218635,270.0,bottom
C1,100n,C_0603_1608Metric,5.222511,-32.218635,270.0,bottom
C1,100n,C_0603_1608Metric,24.272511,-89.368635,270.0,bottom
C1,100n,C_0603_1608Metric,62.372511,-70.318635,270.0,bottom
C1,100n,C_0603_1608Metric,24.272511,-70.318635,270.0,bottom
C1,100n,C_0603_1608Metric,43.322511,-70.318635,270.0,bottom
C1,100n,C_0603_1608Metric,62.372511,-127.468635,270.0,bottom
C1,100n,C_0603_1608Metric,81.422511,-32.218635,270.0,bottom
C1,100n,C_0603_1608Metric,5.222511,-51.268635,270.0,bottom
C1,100n,C_0603_1608Metric,43.322511,-51.268635,270.0,bottom
C1,100n,C_0603_1608Metric,5.222511,-89.368635,270.0,bottom
C1,100n,C_0603_1608Metric,62.372511,-165.568635,270.0,bottom
C1,100n,C_0603_1608Metric,62.372511,-89.368635,270.0,bottom
C1,100n,C_0603_1608Metric,62.372511,-146.518635,270.0,bottom
C1,100n,C_0603_1608Metric,43.322511,-108.418635,270.0,bottom
C1,100n,C_0603_1608Metric,43.322511,-146.518635,270.0,bottom
C1,100n,C_0603_1608Metric,62.372511,-108.418635,270.0,bottom
C1,100n,C_0603_1608Metric,43.322511,-165.568635,270.0,bottom
C1,100n,C_0603_1608Metric,5.222511,-184.618635,270.0,bottom
C1,100n,C_0603_1608Metric,5.222511,-165.568635,270.0,bottom
C1,100n,C_0603_1608Metric,24.272511,-184.618635,270.0,bottom
C1,100n,C_0603_1608Metric,81.422511,-146.518635,270.0,bottom
C1,100n,C_0603_1608Metric,24.272511,-108.418635,270.0,bottom
C1,100n,C_0603_1608Metric,81.422511,-127.468635,270.0,bottom
C1,100n,C_0603_1608Metric,43.322511,-184.618635,270.0,bottom
C1,100n,C_0603_1608Metric,81.422511,-108.418635,270.0,bottom
C1,100n,C_0603_1608Metric,43.322511,-127.468635,270.0,bottom
C1,100n,C_0603_1608Metric,62.372511,-184.618635,270.0,bottom
C1,100n,C_0603_1608Metric,24.272511,-165.568635,270.0,bottom
C1,100n,C_0603_1608Metric,5.222511,-127.468635,270.0,bottom
C1,100n,C_0603_1608Metric,24.272511,-127.468635,270.0,bottom
C1,100n,C_0603_1608Metric,5.222511,-146.518635,270.0,bottom
C1,100n,C_0603_1608Metric,81.422511,-184.618635,270.0,bottom
C1,100n,C_0603_1608Metric,24.272511,-146.518635,270.0,bottom
C1,100n,C_0603_1608Metric,5.222511,-108.418635,270.0,bottom
C2,10u,C_0603_1608Metric,33.955,-146.475,270.0,bottom
C2,10u,C_0603_1608Metric,72.055,-70.275,270.0,bottom
C2,10u,C_0603_1608Metric,72.055,-127.425,270.0,bottom
C2,10u,C_0603_1608Metric,53.005,-32.175,270.0,bottom
C2,10u,C_0603_1608Metric,72.055,-32.175,270.0,bottom
C2,10u,C_0603_1608Metric,33.955,-32.175,270.0,bottom
C2,10u,C_0603_1608Metric,72.055,-13.125,270.0,bottom
C2,10u,C_0603_1608Metric,14.905,-32.175,270.0,bottom
C2,10u,C_0603_1608Metric,33.955,-108.375,270.0,bottom
C2,10u,C_0603_1608Metric,91.105,-13.125,270.0,bottom
C2,10u,C_0603_1608Metric,53.005,-70.275,270.0,bottom
C2,10u,C_0603_1608Metric,91.105,-165.525,270.0,bottom
C2,10u,C_0603_1608Metric,33.955,-13.125,270.0,bottom
C2,10u,C_0603_1608Metric,53.005,-13.125,270.0,bottom
C2,10u,C_0603_1608Metric,53.005,-108.375,270.0,bottom
C2,10u,C_0603_1608Metric,91.105,-32.175,270.0,bottom
C2,10u,C_0603_1608Metric,91.105,-127.425,270.0,bottom
C2,10u,C_0603_1608Metric,33.955,-89.325,270.0,bottom
C2,10u,C_0603_1608Metric,33.955,-70.275,270.0,bottom
C2,10u,C_0603_1608Metric,53.005,-127.425,270.0,bottom
C2,10u,C_0603_1608Metric,14.905,-13.125,270.0,bottom
C2,10u,C_0603_1608Metric,33.955,-51.225,270.0,bottom
C2,10u,C_0603_1608Metric,53.005,-51.225,270.0,bottom
C2,10u,C_0603_1608Metric,14.905,-70.275,270.0,bottom
C2,10u,C_0603_1608Metric,14.905,-89.325,270.0,bottom
C2,10u,C_0603_1608Metric,91.105,-89.325,270.0,bottom
C2,10u,C_0603_1608Metric,72.055,-89.325,270.0,bottom
C2,10u,C_0603_1608Metric,72.055,-108.375,270.0,bottom
C2,10u,C_0603_1608Metric,72.055,-146.475,270.0,bottom
C2,10u,C_0603_1608Metric,72.055,-51.225,270.0,bottom
C2,10u,C_0603_1608Metric,91.105,-70.275,270.0,bottom
C2,10u,C_0603_1608Metric,14.905,-184.575,270.0,bottom
C2,10u,C_0603_1608Metric,14.905,-51.225,270.0,bottom
C2,10u,C_0603_1608Metric,33.955,-165.525,270.0,bottom
C2,10u,C_0603_1608Metric,53.005,-89.325,270.0,bottom
C2,10u,C_0603_1608Metric,91.105,-51.225,270.0,bottom
C2,10u,C_0603_1608Metric,14.905,-108.375,270.0,bottom
C2,10u,C_0603_1608Metric,91.105,-108.375,270.0,bottom
C2,10u,C_0603_1608Metric,14.905,-146.475,270.0,bottom
C2,10u,C_0603_1608Metric,72.055,-184.575,270.0,bottom
C2,10u,C_0603_1608Metric,91.105,-184.575,270.0,bottom
C2,10u,C_0603_1608Metric,72.055,-165.525,270.0,bottom
C2,10u,C_0603_1608Metric,53.005,-165.525,270.0,bottom
C2,10u,C_0603_1608Metric,14.905,-127.425,270.0,bottom
C2,10u,C_0603_1608Metric,33.955,-184.575,270.0,bottom
C2,10u,C_0603_1608Metric,33.955,-127.425,270.0,bottom
C2,10u,C_0603_1608Metric,91.105,-146.475,270.0,bottom
C2,10u,C_0603_1608Metric,53.005,-184.575,270.0,bottom
C2,10u,C_0603_1608Metric,53.005,-146.475,270.0,bottom
C2,10u,C_0603_1608Metric,14.905,-165.525,270.0,bottom
C3,10u,C_0603_1608Metric,51.605,-121.285,270.0,bottom
C3,10u,C_0603_1608Metric,13.505,-140.335,270.0,bottom
C3,10u,C_0603_1608Metric,32.555,-121.285,270.0,bottom
C3,10u,C_0603_1608Metric,70.655,-140.335,270.0,bottom
C3,10u,C_0603_1608Metric,89.705,-140.335,270.0,bottom
C3,10u,C_0603_1608Metric,32.555,-102.235,270.0,bottom
C3,10u,C_0603_1608Metric,13.505,-178.435,270.0,bottom
C3,10u,C_0603_1608Metric,89.705,-102.235,270.0,bottom
C3,10u,C_0603_1608Metric,89.705,-178.435,270.0,bottom
C3,10u,C_0603_1608Metric,89.705,-159.385,270.0,bottom
C3,10u,C_0603_1608Metric,32.555,-159.385,270.0,bottom
C3,10u,C_0603_1608Metric,89.705,-64.135,270.0,bottom
C3,10u,C_0603_1608Metric,51.605,-64.135,270.0,bottom
C3,10u,C_0603_1608Metric,32.555,-140.335,270.0,bottom
C3,10u,C_0603_1608Metric,32.555,-64.135,270.0,bottom
C3,10u,C_0603_1608Metric,70.655,-83.185,270.0,bottom
C3,10u,C_0603_1608Metric,89.705,-26.035,270.0,bottom
C3,10u,C_0603_1608Metric,51.605,-140.335,270.0,bottom
C3,10u,C_0603_1608Metric,89.705,-6.985,270.0,bottom
C3,10u,C_0603_1608Metric,13.505,-121.285,270.0,bottom
C3,10u,C_0603_1608Metric,70.655,-178.435,270.0,bottom
C3,10u,C_0603_1608Metric,89.705,-121.285,270.0,bottom
C3,10u,C_0603_1608Metric,13.505,-102.235,270.0,bottom
C3,10u,C_0603_1608Metric,70.655,-159.385,270.0,bottom
C3,10u,C_0603_1608Metric,70.655,-102.235,270.0,bottom
C3,10u,C_0603_1608Metric,32.555,-178.435,270.0,bottom
C3,10u,C_0603_1608Metric,51.605,-102.235,270.0,bottom
C3,10u,C_0603_1608Metric,51.605,-159.385,270.0,bottom
C3,10u,C_0603_1608Metric,13.505,-159.385,270.0,bottom
C3,10u,C_0603_1608Metric,51.605,-178.435,270.0,bottom
C3,10u,C_0603_1608Metric,51.605,-45.085,270.0,bottom
C3,10u,C_0603_1608Metric,13.505,-64.135,270.0,bottom
C3,10u,C_0603_1608Metric,89.705,-83.185,270.0,bottom
C3,10u,C_0603_1608Metric,51.605,-83.185,270.0,bottom
C3,10u,C_0603_1608Metric,70.655,-121.285,270.0,bottom
C3,10u,C_0603_1608Metric,51.605,-26.035,270.0,bottom
C3,10u,C_0603_1608Metric,13.505,-45.085,270.0,bottom
C3,10u,C_0603_1608Metric,32.555,-6.985,270.0,bottom
C3,10u,C_0603_1608Metric,13.505,-6.985,270.0,bottom
C3,10u,C_0603_1608Metric,89.705,-45.085,270.0,bottom
C3,10u,C_0603_1608Metric,70.655,-26.035,270.0,bottom
C3,10u,C_0603_1608Metric,32.555,-83.185,270.0,bottom
C3,10u,C_0603_1608Metric,70.655,-45.085,270.0,bottom
C3,10u,C_0603_1608Metric,13.505,-83.185,270.0,bottom
C3,10u,C_0603_1608Metric,32.555,-26.035,270.0,bottom
C3,10u,C_0603_1608Metric,51.605,-6.985,270.0,bottom
C3,10u,C_0603_1608Metric,70.655,-6.985,270.0,bottom
C3,10u,C_0603_1608Metric,32.555,-45.085,270.0,bottom
C3,10u,C_0603_1608Metric,13.505,-26.035,270.0,bottom
C3,10u,C_0603_1608Metric,70.655,-64.135,270.0,bottom
C4,100n,C_0603_1608Metric,6.731,-8.636,270.0,bottom
C4,100n,C_0603_1608Metric,25.781,-27.686,270.0,bottom
C4,100n,C_0603_1608Metric,44.831,-8.636,270.0,bottom
C4,100n,C_0603_1608Metric,82.931,-65.786,270.0,bottom
C4,100n,C_0603_1608Metric,82.931,-27.686,270.0,bottom
C4,100n,C_0603_1608Metric,25.781,-8.636,270.0,bottom
C4,100n,C_0603_1608Metric,82.931,-161.036,270.0,bottom
C4,100n,C_0603_1608Metric,44.831,-27.686,270.0,bottom
C4,100n,C_0603_1608Metric,25.781,-46.736,270.0,bottom
C4,100n,C_0603_1608Metric,63.881,-122.936,270.0,bottom
C4,100n,C_0603_1608Metric,6.731,-46.736,270.0,bottom
C4,100n,C_0603_1608Metric,82.931,-84.836,270.0,bottom
C4,100n,C_0603_1608Metric,44.831,-65.786,270.0,bottom
C4,100n,C_0603_1608Metric,44.831,-46.736,270.0,bottom
C4,100n,C_0603_1608Metric,82.931,-46.736,270.0,bottom
C4,100n,C_0603_1608Metric,63.881,-8.636,270.0,bottom
C4,100n,C_0603_1608Metric,25.781,-65.786,270.0,bottom
C4,100n,C_0603_1608Metric,82.931,-8.636,270.0,bottom
C4,100n,C_0603_1608Metric,82.931,-180.086,270.0,bottom
C4,100n,C_0603_1608Metric,6.731,-27.686,270.0,bottom
C4,100n,C_0603_1608Metric,63.881,-84.836,270.0,bottom
C4,100n,C_0603_1608Metric,63.881,-46.736,270.0,bottom
C4,100n,C_0603_1608Metric,63.881,-103.886,270.0,bottom
C4,100n,C_0603_1608Metric,6.731,-103.886,270.0,bottom
C4,100n,C_0603_1608Metric,25.781,-161.036,270.0,bottom
C4,100n,C_0603_1608Metric,6.731,-65.786,270.0,bottom
C4,100n,C_0603_1608Metric,63.881,-27.686,270.0,bottom
C4,100n,C_0603_1608Metric,6.731,-180.086,270.0,bottom
C4,100n,C_0603_1608Metric,25.781,-103.886,270.0,bottom
C4,100n,C_0603_1608Metric,25.781,-84.836,270.0,bottom
C4,100n,C_0603_1608Metric,6.731,-122.936,270.0,bottom
C4,100n,C_0603_1608Metric,44.831,-122.936,270.0,bottom
C4,100n,C_0603_1608Metric,6.731,-84.836,270.0,bottom
C4,100n,C_0603_1608Metric,25.781,-122.936,270.0,bottom
C4,100n,C_0603_1608Metric,82.931,-122.936,270.0,bottom
C4,100n,C_0603_1608Metric,44.831,-141.986,270.0,bottom
C4,100n,C_0603_1608Metric,63.881,-65.786,270.0,bottom
C4,100n,C_0603_1608Metric,44.831,-161.036,270.0,bottom
C4,100n,C_0603_1608Metric,44.831,-84.836,270.0,bottom
C4,100n,C_0603_1608Metric,44.831,-103.886,270.0,bottom
C4,100n,C_0603_1608Metric,63.881,-161.036,270.0,bottom
C4,100n,C_0603_1608Metric,82.931,-141.986,270.0,bottom
C4,100n,C_0603_1608Metric,63.881,-180.086,270.0,bottom
C4,100n,C_0603_1608Metric,6.731,-141.986,270.0,bottom
C4,100n,C_0603_1608Metric,82.931,-103.886,270.0,bottom
C4,100n,C_0603_1608Metric,25.781,-141.986,270.0,bottom
C4,100n,C_0603_1608Metric,63.881,-141.986,270.0,bottom
C4,100n,C_0603_1608Metric,6.731,-161.036,270.0,bottom
C4,100n,C_0603_1608Metric,44.831,-180.086,270.0,bottom
C4,100n,C_0603_1608Metric,25.781,-180.086,270.0,bottom
D1,SK6812MINI-E,SK6812MINI_E,66.905,-167.25,180.0,bottom
D1,SK6812MINI-E,SK6812MINI_E,66.905,-148.2,180.0,bottom
D1,SK6812MINI-E,SK6812MINI_E,47.855,-186.3,180.0,bottom
D1,SK6812MINI-E,SK6812MINI_E,47.855,-110.1,180.0,bottom
D1,SK6812MINI-E,SK6812MINI_E,28.805,-110.1,180.0,bottom
D1,SK6812MINI-E,SK6812MINI_E,66.905,-110.1,180.0,bottom
D1,SK6812MINI-E,SK6812MINI_E,9.755,-148.2,180.0,bottom
D1,SK6812MINI-E,SK6812MINI_E,66.905,-91.05,180.0,bottom
D1,SK6812MINI-E,SK6812MINI_E,47.855,-72.0,180.0,bottom
D1,SK6812MINI-E,SK6812MINI_E,66.905,-52.95,180.0,bottom
D1,SK6812MINI-E,SK6812MINI_E,85.955,-52.95,180.0,bottom
D1,SK6812MINI-E,SK6812MINI_E,47.855,-91.05,180.0,bottom
D1,SK6812MINI-E,SK6812MINI_E,66.905,-72.0,180.0,bottom
D1,SK6812MINI-E,SK6812MINI_E,85.955,-72.0,180.0,bottom
D1,SK6812MINI-E,SK6812MINI_E,28.805,-91.05,180.0,bottom
D1,SK6812MINI-E,SK6812MINI_E,85.955,-91.05,180.0,bottom
D1,SK6812MINI-E,SK6812MINI_E,66.905,-129.15,180.0,bottom
D1,SK6812MINI-E,SK6812MINI_E,9.755,-91.05,180.0,bottom
D1,SK6812MINI-E,SK6812MINI_E,9.755,-33.9,180.0,bottom
D1,SK6812MINI-E,SK6812MINI_E,47.855,-52.95,180.0,bottom
D1,SK6812MINI-E,SK6812MINI_E,28.805,-14.85,180.0,bottom
D1,SK6812MINI-E,SK6812MINI_E,9.755,-52.95,180.0,bottom
D1,SK6812MINI-E,SK6812MINI_E,66.905,-33.9,180.0,bottom
D1,SK6812MINI-E,SK6812MINI_E,85.955,-14.85,180.0,bottom
D1,SK6812MINI-E,SK6812MINI_E,28.805,-72.0,180.0,bottom
D1,SK6812MINI-E,SK6812MINI_E,28.805,-52.95,180.0,bottom
D1,SK6812MINI-E,SK6812MINI_E,47.855,-129.15,180.0,bottom
D1,SK6812MINI-E,SK6812MINI_E,28.805,-33.9,180.0,bottom
D1,SK6812MINI-E,SK6812MINI_E,9.755,-72.0,180.0,bottom
D1,SK6812MINI-E,SK6812MINI_E,28.805,-186.3,180.0,bottom
D1,SK6812MINI-E,SK6812MINI_E,66.905,-186.3,180.0,bottom
D1,SK6812MINI-E,SK6812MINI_E,28.805,-129.15,180.0,bottom
D1,SK6812MINI-E,SK6812MINI_E,9.755,-110.1,180.0,bottom
D1,SK6812MINI-E,SK6812MINI_E,47.855,-33.9,180.0,bottom
D1,SK6812MINI-E,SK6812MINI_E,47.855,-14.85,180.0,bottom
D1,SK6812MINI-E,SK6812MINI_E,85.955,-33.9,180.0,bottom
D1,SK6812MINI-E,SK6812MINI_E,9.755,-186.3,180.0,bottom
D1,SK6812MINI-E,SK6812MINI_E,85.955,-129.15,180.0,bottom
D1,SK6812MINI-E,SK6812MINI_E,28.805,-167.25,180.0,bottom
D1,SK6812MINI-E,SK6812MINI_E,47.855,-167.25,180.0,bottom
D1,SK6812MINI-E,SK6812MINI_E,47.855,-148.2,180.0,bottom
D1,SK6812MINI-E,SK6812MINI_E,85.955,-110.1,180.0,bottom
D1,SK6812MINI-E,SK6812MINI_E,85.955,-186.3,180.0,bottom
D1,SK6812MINI-E,SK6812MINI_E,9.755,-129.15,180.0,bottom
D1,SK6812MINI-E,SK6812MINI_E,28.805,-148.2,180.0,bottom
D1,SK6812MINI-E,SK6812MINI_E,9.755,-167.25,180.0,bottom
D1,SK6812MINI-E,SK6812MINI_E,66.905,-14.85,180.0,bottom
D1,SK6812MINI-E,SK6812MINI_E,85.955,-148.2,180.0,bottom
D1,SK6812MINI-E,SK6812MINI_E,9.755,-14.85,180.0,bottom
D1,SK6812MINI-E,SK6812MINI_E,85.955,-167.25,180.0,bottom
J1,Conn_01x01_Pin,PinHeader_1x01_P2.54mm_Vertical,55.245,-14.605,0.0,bottom
J1,Conn_01x01_Pin,PinHeader_1x01_P2.54mm_Vertical,74.295,-71.755,0.0,bottom
J1,Conn_01x01_Pin,PinHeader_1x01_P2.54mm_Vertical,93.345,-167.005,0.0,bottom
J1,Conn_01x01_Pin,PinHeader_1x01_P2.54mm_Vertical,55.245,-52.705,0.0,bottom
J1,Conn_01x01_Pin,PinHeader_1x01_P2.54mm_Vertical,55.245,-33.655,0.0,bottom
J1,Conn_01x01_Pin,PinHeader_1x01_P2.54mm_Vertical,17.145,-14.605,0.0,bottom
J1,Conn_01x01_Pin,PinHeader_1x01_P2.54mm_Vertical,36.195,-33.655,0.0,bottom
J1,Conn_01x01_Pin,PinHeader_1x01_P2.54mm_Vertical,93.345,-14.605,0.0,bottom
J1,Conn_01x01_Pin,PinHeader_1x01_P2.54mm_Vertical,36.195,-14.605,0.0,bottom
J1,Conn_01x01_Pin,PinHeader_1x01_P2.54mm_Vertical,17.145,-33.655,0.0,bottom
J1,Conn_01x01_Pin,PinHeader_1x01_P2.54mm_Vertical,55.245,-90.805,0.0,bottom
J1,Conn_01x01_Pin,PinHeader_1x01_P2.54mm_Vertical,36.195,-52.705,0.0,bottom
J1,Conn_01x01_Pin,PinHeader_1x01_P2.54mm_Vertical,74.295,-14.605,0.0,bottom
J1,Conn_01x01_Pin,PinHeader_1x01_P2.54mm_Vertical,17.145,-52.705,0.0,bottom
J1,Conn_01x01_Pin,PinHeader_1x01_P2.54mm_Vertical,93.345,-52.705,0.0,bottom
J1,Conn_01x01_Pin,PinHeader_1x01_P2.54mm_Vertical,17.145,-71.755,0.0,bottom
J1,Conn_01x01_Pin,PinHeader_1x01_P2.54mm_Vertical,74.295,-33.655,0.0,bottom
J1,Conn_01x01_Pin,PinHeader_1x01_P2.54mm_Vertical,93.345,-90.805,0.0,bottom
J1,Conn_01x01_Pin,PinHeader_1x01_P2.54mm_Vertical,93.345,-71.755,0.0,bottom
J1,Conn_01x01_Pin,PinHeader_1x01_P2.54mm_Vertical,55.245,-71.755,0.0,bottom
J1,Conn_01x01_Pin,PinHeader_1x01_P2.54mm_Vertical,55.245,-109.855,0.0,bottom
J1,Conn_01x01_Pin,PinHeader_1x01_P2.54mm_Vertical,36.195,-71.755,0.0,bottom
J1,Conn_01x01_Pin,PinHeader_1x01_P2.54mm_Vertical,17.145,-90.805,0.0,bottom
J1,Conn_01x01_Pin,PinHeader_1x01_P2.54mm_Vertical,74.295,-109.855,0.0,bottom
J1,Conn_01x01_Pin,PinHeader_1x01_P2.54mm_Vertical,93.345,-33.655,0.0,bottom
J1,Conn_01x01_Pin,PinHeader_1x01_P2.54mm_Vertical,93.345,-109.855,0.0,bottom
J1,Conn_01x01_Pin,PinHeader_1x01_P2.54mm_Vertical,74.295,-52.705,0.0,bottom
J1,Conn_01x01_Pin,PinHeader_1x01_P2.54mm_Vertical,74.295,-128.905,0.0,bottom
J1,Conn_01x01_Pin,PinHeader_1x01_P2.54mm_Vertical,36.195,-109.855,0.0,bottom
J1,Conn_01x01_Pin,PinHeader_1x01_P2.54mm_Vertical,74.295,-90.805,0.0,bottom
J1,Conn_01x01_Pin,PinHeader_1x01_P2.54mm_Vertical,55.245,-147.955,0.0,bottom
J1,Conn_01x01_Pin,PinHeader_1x01_P2.54mm_Vertical,36.195,-186.055,0.0,bottom
J1,Conn_01x01_Pin,PinHeader_1x01_P2.54mm_Vertical,36.195,-90.805,0.0,bottom
J1,Conn_01x01_Pin,PinHeader_1x01_P2.54mm_Vertical,93.345,-128.905,0.0,bottom
J1,Conn_01x01_Pin,PinHeader_1x01_P2.54mm_Vertical,93.345,-147.955,0.0,bottom
J1,Conn_01x01_Pin,PinHeader_1x01_P2.54mm_Vertical,17.145,-186.055,0.0,bottom
J1,Conn_01x01_Pin,PinHeader_1x01_P2.54mm_Vertical,36.195,-128.905,0.0,bottom
J1,Conn_01x01_Pin,PinHeader_1x01_P2.54mm_Vertical,36.195,-147.955,0.0,bottom
J1,Conn_01x01_Pin,PinHeader_1x01_P2.54mm_Vertical,17.145,-128.905,0.0,bottom
J1,Conn_01x01_Pin,PinHeader_1x01_P2.54mm_Vertical,55.245,-167.005,0.0,bottom
J1,Conn_01x01_Pin,PinHeader_1x01_P2.54mm_Vertical,17.145,-147.955,0.0,bottom
J1,Conn_01x01_Pin,PinHeader_1x01_P2.54mm_Vertical,74.295,-167.005,0.0,bottom
J1,Conn_01x01_Pin,PinHeader_1x01_P2.54mm_Vertical,17.145,-109.855,0.0,bottom
J1,Conn_01x01_Pin,PinHeader_1x01_P2.54mm_Vertical,17.145,-167.005,0.0,bottom
J1,Conn_01x01_Pin,PinHeader_1x01_P2.54mm_Vertical,55.245,-128.905,0.0,bottom
J1,Conn_01x01_Pin,PinHeader_1x01_P2.54mm_Vertical,74.295,-147.955,0.0,bottom
J1,Conn_01x01_Pin,PinHeader_1x01_P2.54mm_Vertical,36.195,-167.005,0.0,bottom
J1,Conn_01x01_Pin,PinHeader_1x01_P2.54mm_Vertical,55.245,-186.055,0.0,bottom
J1,Conn_01x01_Pin,PinHeader_1x01_P2.54mm_Vertical,74.295,-186.055,0.0,bottom
J1,Conn_01x01_Pin,PinHeader_1x01_P2.54mm_Vertical,93.345,-186.055,0.0,bottom
J2,Conn_01x01_Pin,PinHeader_1x01_P2.54mm_Vertical,40.005,-33.655,0.0,bottom
J2,Conn_01x01_Pin,PinHeader_1x01_P2.54mm_Vertical,78.105,-14.605,0.0,bottom
J2,Conn_01x01_Pin,PinHeader_1x01_P2.54mm_Vertical,20.955,-71.755,0.0,bottom
J2,Conn_01x01_Pin,PinHeader_1x01_P2.54mm_Vertical,1.905,-33.655,0.0,bottom
J2,Conn_01x01_Pin,PinHeader_1x01_P2.54mm_Vertical,40.005,-14.605,0.0,bottom
J2,Conn_01x01_Pin,PinHeader_1x01_P2.54mm_Vertical,78.105,-33.655,0.0,bottom
J2,Conn_01x01_Pin,PinHeader_1x01_P2.54mm_Vertical,59.055,-14.605,0.0,bottom
J2,Conn_01x01_Pin,PinHeader_1x01_P2.54mm_Vertical,1.905,-71.755,0.0,bottom
J2,Conn_01x01_Pin,PinHeader_1x01_P2.54mm_Vertical,78.105,-90.805,0.0,bottom
J2,Conn_01x01_Pin,PinHeader_1x01_P2.54mm_Vertical,20.955,-33.655,0.0,bottom
J2,Conn_01x01_Pin,PinHeader_1x01_P2.54mm_Vertical,20.955,-52.705,0.0,bottom
J2,Conn_01x01_Pin,PinHeader_1x01_P2.54mm_Vertical,59.055,-71.755,0.0,bottom
J2,Conn_01x01_Pin,PinHeader_1x01_P2.54mm_Vertical,78.105,-52.705,0.0,bottom
J2,Conn_01x01_Pin,PinHeader_1x01_P2.54mm_Vertical,40.005,-52.705,0.0,bottom
J2,Conn_01x01_Pin,PinHeader_1x01_P2.54mm_Vertical,78.105,-71.755,0.0,bottom
J2,Conn_01x01_Pin,PinHeader_1x01_P2.54mm_Vertical,40.005,-71.755,0.0,bottom
J2,Conn_01x01_Pin,PinHeader_1x01_P2.54mm_Vertical,59.055,-52.705,0.0,bottom
J2,Conn_01x01_Pin,PinHeader_1x01_P2.54mm_Vertical,59.055,-33.655,0.0,bottom
J2,Conn_01x01_Pin,PinHeader_1x01_P2.54mm_Vertical,78.105,-167.005,0.0,bottom
J2,Conn_01x01_Pin,PinHeader_1x01_P2.54mm_Vertical,1.905,-52.705,0.0,bottom
J2,Conn_01x01_Pin,PinHeader_1x01_P2.54mm_Vertical,1.905,-14.605,0.0,bottom
J2,Conn_01x01_Pin,PinHeader_1x01_P2.54mm_Vertical,20.955,-14.605,0.0,bottom
J2,Conn_01x01_Pin,PinHeader_1x01_P2.54mm_Vertical,78.105,-109.855,0.0,bottom
J2,Conn_01x01_Pin,PinHeader_1x01_P2.54mm_Vertical,59.055,-147.955,0.0,bottom
J2,Conn_01x01_Pin,PinHeader_1x01_P2.54mm_Vertical,40.005,-147.955,0.0,bottom
J2,Conn_01x01_Pin,PinHeader_1x01_P2.54mm_Vertical,40.005,-90.805,0.0,bottom
J2,Conn_01x01_Pin,PinHeader_1x01_P2.54mm_Vertical,20.955,-128.905,0.0,bottom
J2,Conn_01x01_Pin,PinHeader_1x01_P2.54mm_Vertical,59.055,-167.005,0.0,bottom
J2,Conn_01x01_Pin,PinHeader_1x01_P2.54mm_Vertical,1.905,-128.905,0.0,bottom
J2,Conn_01x01_Pin,PinHeader_1x01_P2.54mm_Vertical,59.055,-109.855,0.0,bottom
J2,Conn_01x01_Pin,PinHeader_1x01_P2.54mm_Vertical,40.005,-186.055,0.0,bottom
J2,Conn_01x01_Pin,PinHeader_1x01_P2.54mm_Vertical,78.105,-186.055,0.0,bottom
J2,Conn_01x01_Pin,PinHeader_1x01_P2.54mm_Vertical,20.955,-109.855,0.0,bottom
J2,Conn_01x01_Pin,PinHeader_1x01_P2.54mm_Vertical,78.105,-128.905,0.0,bottom
J2,Conn_01x01_Pin,PinHeader_1x01_P2.54mm_Vertical,59.055,-128.905,0.0,bottom
J2,Conn_01x01_Pin,PinHeader_1x01_P2.54mm_Vertical,1.905,-167.005,0.0,bottom
J2,Conn_01x01_Pin,PinHeader_1x01_P2.54mm_Vertical,1.905,-109.855,0.0,bottom
J2,Conn_01x01_Pin,PinHeader_1x01_P2.54mm_Vertical,1.905,-147.955,0.0,bottom
J2,Conn_01x01_Pin,PinHeader_1x01_P2.54mm_Vertical,40.005,-128.905,0.0,bottom
J2,Conn_01x01_Pin,PinHeader_1x01_P2.54mm_Vertical,1.905,-186.055,0.0,bottom
J2,Conn_01x01_Pin,PinHeader_1x01_P2.54mm_Vertical,59.055,-90.805,0.0,bottom
J2,Conn_01x01_Pin,PinHeader_1x01_P2.54mm_Vertical,20.955,-90.805,0.0,bottom
J2,Conn_01x01_Pin,PinHeader_1x01_P2.54mm_Vertical,20.955,-147.955,0.0,bottom
J2,Conn_01x01_Pin,PinHeader_1x01_P2.54mm_Vertical,40.005,-109.855,0.0,bottom
J2,Conn_01x01_Pin,PinHeader_1x01_P2.54mm_Vertical,78.105,-147.955,0.0,bottom
J2,Conn_01x01_Pin,PinHeader_1x01_P2.54mm_Vertical,1.905,-90.805,0.0,bottom
J2,Conn_01x01_Pin,PinHeader_1x01_P2.54mm_Vertical,20.955,-167.005,0.0,bottom
J2,Conn_01x01_Pin,PinHeader_1x01_P2.54mm_Vertical,59.055,-186.055,0.0,bottom
J2,Conn_01x01_Pin,PinHeader_1x01_P2.54mm_Vertical,40.005,-167.005,0.0,bottom
J2,Conn_01x01_Pin,PinHeader_1x01_P2.54mm_Vertical,20.955,-186.055,0.0,bottom
J3,Conn_01x01_Pin,PinHeader_1x01_P2.54mm_Vertical,78.105,-156.845,0.0,bottom
J3,Conn_01x01_Pin,PinHeader_1x01_P2.54mm_Vertical,40.005,-23.495,0.0,bottom
J3,Conn_01x01_Pin,PinHeader_1x01_P2.54mm_Vertical,78.105,-4.445,0.0,bottom
J3,Conn_01x01_Pin,PinHeader_1x01_P2.54mm_Vertical,59.055,-80.645,0.0,bottom
J3,Conn_01x01_Pin,PinHeader_1x01_P2.54mm_Vertical,1.905,-61.595,0.0,bottom
J3,Conn_01x01_Pin,PinHeader_1x01_P2.54mm_Vertical,40.005,-4.445,0.0,bottom
J3,Conn_01x01_Pin,PinHeader_1x01_P2.54mm_Vertical,1.905,-23.495,0.0,bottom
J3,Conn_01x01_Pin,PinHeader_1x01_P2.54mm_Vertical,20.955,-61.595,0.0,bottom
J3,Conn_01x01_Pin,PinHeader_1x01_P2.54mm_Vertical,78.105,-23.495,0.0,bottom
J3,Conn_01x01_Pin,PinHeader_1x01_P2.54mm_Vertical,59.055,-4.445,0.0,bottom
J3,Conn_01x01_Pin,PinHeader_1x01_P2.54mm_Vertical,1.905,-4.445,0.0,bottom
J3,Conn_01x01_Pin,PinHeader_1x01_P2.54mm_Vertical,59.055,-99.695,0.0,bottom
J3,Conn_01x01_Pin,PinHeader_1x01_P2.54mm_Vertical,40.005,-42.545,0.0,bottom
J3,Conn_01x01_Pin,PinHeader_1x01_P2.54mm_Vertical,78.105,-61.595,0.0,bottom
J3,Conn_01x01_Pin,PinHeader_1x01_P2.54mm_Vertical,59.055,-61.595,0.0,bottom
J3,Conn_01x01_Pin,PinHeader_1x01_P2.54mm_Vertical,20.955,-99.695,0.0,bottom
J3,Conn_01x01_Pin,PinHeader_1x01_P2.54mm_Vertical,20.955,-4.445,0.0,bottom
J3,Conn_01x01_Pin,PinHeader_1x01_P2.54mm_Vertical,59.055,-118.745,0.0,bottom
J3,Conn_01x01_Pin,PinHeader_1x01_P2.54mm_Vertical,40.005,-80.645,0.0,bottom
J3,Conn_01x01_Pin,PinHeader_1x01_P2.54mm_Vertical,59.055,-23.495,0.0,bottom
J3,Conn_01x01_Pin,PinHeader_1x01_P2.54mm_Vertical,20.955,-42.545,0.0,bottom
J3,Conn_01x01_Pin,PinHeader_1x01_P2.54mm_Vertical,40.005,-99.695,0.0,bottom
J3,Conn_01x01_Pin,PinHeader_1x01_P2.54mm_Vertical,59.055,-137.795,0.0,bottom
J3,Conn_01x01_Pin,PinHeader_1x01_P2.54mm_Vertical,78.105,-99.695,0.0,bottom
J3,Conn_01x01_Pin,PinHeader_1x01_P2.54mm_Vertical,78.105,-80.645,0.0,bottom
J3,Conn_01x01_Pin,PinHeader_1x01_P2.54mm_Vertical,20.955,-80.645,0.0,bottom
J3,Conn_01x01_Pin,PinHeader_1x01_P2.54mm_Vertical,40.005,-61.595,0.0,bottom
J3,Conn_01x01_Pin,PinHeader_1x01_P2.54mm_Vertical,59.055,-42.545,0.0,bottom
J3,Conn_01x01_Pin,PinHeader_1x01_P2.54mm_Vertical,1.905,-42.545,0.0,bottom
J3,Conn_01x01_Pin,PinHeader_1x01_P2.54mm_Vertical,1.905,-80.645,0.0,bottom
J3,Conn_01x01_Pin,PinHeader_1x01_P2.54mm_Vertical,20.955,-23.495,0.0,bottom
J3,Conn_01x01_Pin,PinHeader_1x01_P2.54mm_Vertical,20.955,-118.745,0.0,bottom
J3,Conn_01x01_Pin,PinHeader_1x01_P2.54mm_Vertical,78.105,-42.545,0.0,bottom
J3,Conn_01x01_Pin,PinHeader_1x01_P2.54mm_Vertical,40.005,-118.745,0.0,bottom
J3,Conn_01x01_Pin,PinHeader_1x01_P2.54mm_Vertical,1.905,-137.795,0.0,bottom
J3,Conn_01x01_Pin,PinHeader_1x01_P2.54mm_Vertical,20.955,-137.795,0.0,bottom
J3,Conn_01x01_Pin,PinHeader_1x01_P2.54mm_Vertical,78.105,-118.745,0.0,bottom
J3,Conn_01x01_Pin,PinHeader_1x01_P2.54mm_Vertical,1.905,-118.745,0.0,bottom
J3,Conn_01x01_Pin,PinHeader_1x01_P2.54mm_Vertical,1.905,-175.895,0.0,bottom
J3,Conn_01x01_Pin,PinHeader_1x01_P2.54mm_Vertical,20.955,-156.845,0.0,bottom
J3,Conn_01x01_Pin,PinHeader_1x01_P2.54mm_Vertical,40.005,-175.895,0.0,bottom
J3,Conn_01x01_Pin,PinHeader_1x01_P2.54mm_Vertical,59.055,-175.895,0.0,bottom
J3,Conn_01x01_Pin,PinHeader_1x01_P2.54mm_Vertical,20.955,-175.895,0.0,bottom
J3,Conn_01x01_Pin,PinHeader_1x01_P2.54mm_Vertical,78.105,-137.795,0.0,bottom
J3,Conn_01x01_Pin,PinHeader_1x01_P2.54mm_Vertical,1.905,-99.695,0.0,bottom
J3,Conn_01x01_Pin,PinHeader_1x01_P2.54mm_Vertical,40.005,-156.845,0.0,bottom
J3,Conn_01x01_Pin,PinHeader_1x01_P2.54mm_Vertical,78.105,-175.895,0.0,bottom
J3,Conn_01x01_Pin,PinHeader_1x01_P2.54mm_Vertical,59.055,-156.845,0.0,bottom
J3,Conn_01x01_Pin,PinHeader_1x01_P2.54mm_Vertical,1.905,-156.845,0.0,bottom
J3,Conn_01x01_Pin,PinHeader_1x01_P2.54mm_Vertical,40.005,-137.795,0.0,bottom
J4,Conn_01x01_Pin,PinHeader_1x01_P2.54mm_Vertical,74.295,-118.745,0.0,bottom
J4,Conn_01x01_Pin,PinHeader_1x01_P2.54mm_Vertical,17.145,-4.445,0.0,bottom
J4,Conn_01x01_Pin,PinHeader_1x01_P2.54mm_Vertical,74.295,-4.445,0.0,bottom
J4,Conn_01x01_Pin,PinHeader_1x01_P2.54mm_Vertical,36.195,-61.595,0.0,bottom
J4,Conn_01x01_Pin,PinHeader_1x01_P2.54mm_Vertical,55.245,-42.545,0.0,bottom
J4,Conn_01x01_Pin,PinHeader_1x01_P2.54mm_Vertical,74.295,-23.495,0.0,bottom
J4,Conn_01x01_Pin,PinHeader_1x01_P2.54mm_Vertical,93.345,-156.845,0.0,bottom
J4,Conn_01x01_Pin,PinHeader_1x01_P2.54mm_Vertical,36.195,-4.445,0.0,bottom
J4,Conn_01x01_Pin,PinHeader_1x01_P2.54mm_Vertical,93.345,-23.495,0.0,bottom
J4,Conn_01x01_Pin,PinHeader_1x01_P2.54mm_Vertical,36.195,-23.495,0.0,bottom
J4,Conn_01x01_Pin,PinHeader_1x01_P2.54mm_Vertical,55.245,-23.495,0.0,bottom
J4,Conn_01x01_Pin,PinHeader_1x01_P2.54mm_Vertical,55.245,-61.595,0.0,bottom
J4,Conn_01x01_Pin,PinHeader_1x01_P2.54mm_Vertical,55.245,-4.445,0.0,bottom
J4,Conn_01x01_Pin,PinHeader_1x01_P2.54mm_Vertical,17.145,-61.595,0.0,bottom
J4,Conn_01x01_Pin,PinHeader_1x01_P2.54mm_Vertical,17.145,-23.495,0.0,bottom
J4,Conn_01x01_Pin,PinHeader_1x01_P2.54mm_Vertical,93.345,-4.445,0.0,bottom
J4,Conn_01x01_Pin,PinHeader_1x01_P2.54mm_Vertical,74.295,-42.545,0.0,bottom
J4,Conn_01x01_Pin,PinHeader_1x01_P2.54mm_Vertical,74.295,-99.695,0.0,bottom
J4,Conn_01x01_Pin,PinHeader_1x01_P2.54mm_Vertical,36.195,-42.545,0.0,bottom
J4,Conn_01x01_Pin,PinHeader_1x01_P2.54mm_Vertical,93.345,-118.745,0.0,bottom
J4,Conn_01x01_Pin,PinHeader_1x01_P2.54mm_Vertical,55.245,-137.795,0.0,bottom
J4,Conn_01x01_Pin,PinHeader_1x01_P2.54mm_Vertical,74.295,-61.595,0.0,bottom
J4,Conn_01x01_Pin,PinHeader_1x01_P2.54mm_Vertical,55.245,-80.645,0.0,bottom
J4,Conn_01x01_Pin,PinHeader_1x01_P2.54mm_Vertical,36.195,-99.695,0.0,bottom
J4,Conn_01x01_Pin,PinHeader_1x01_P2.54mm_Vertical,55.245,-156.845,0.0,bottom
J4,Conn_01x01_Pin,PinHeader_1x01_P2.54mm_Vertical,74.295,-156.845,0.0,bottom
J4,Conn_01x01_Pin,PinHeader_1x01_P2.54mm_Vertical,17.145,-118.745,0.0,bottom
J4,Conn_01x01_Pin,PinHeader_1x01_P2.54mm_Vertical,93.345,-80.645,0.0,bottom
J4,Conn_01x01_Pin,PinHeader_1x01_P2.54mm_Vertical,55.245,-99.695,0.0,bottom
J4,Conn_01x01_Pin,PinHeader_1x01_P2.54mm_Vertical,17.145,-42.545,0.0,bottom
J4,Conn_01x01_Pin,PinHeader_1x01_P2.54mm_Vertical,17.145,-137.795,0.0,bottom
J4,Conn_01x01_Pin,PinHeader_1x01_P2.54mm_Vertical,74.295,-137.795,0.0,bottom
J4,Conn_01x01_Pin,PinHeader_1x01_P2.54mm_Vertical,93.345,-61.595,0.0,bottom
J4,Conn_01x01_Pin,PinHeader_1x01_P2.54mm_Vertical,93.345,-99.695,0.0,bottom
J4,Conn_01x01_Pin,PinHeader_1x01_P2.54mm_Vertical,36.195,-118.745,0.0,bottom
J4,Conn_01x01_Pin,PinHeader_1x01_P2.54mm_Vertical,36.195,-175.895,0.0,bottom
J4,Conn_01x01_Pin,PinHeader_1x01_P2.54mm_Vertical,93.345,-42.545,0.0,bottom
J4,Conn_01x01_Pin,PinHeader_1x01_P2.54mm_Vertical,36.195,-80.645,0.0,bottom
J4,Conn_01x01_Pin,PinHeader_1x01_P2.54mm_Vertical,17.145,-80.645,0.0,bottom
J4,Conn_01x01_Pin,PinHeader_1x01_P2.54mm_Vertical,17.145,-99.695,0.0,bottom
J4,Conn_01x01_Pin,PinHeader_1x01_P2.54mm_Vertical,74.295,-80.645,0.0,bottom
J4,Conn_01x01_Pin,PinHeader_1x01_P2.54mm_Vertical,55.245,-118.745,0.0,bottom
J4,Conn_01x01_Pin,PinHeader_1x01_P2.54mm_Vertical,93.345,-137.795,0.0,bottom
J4,Conn_01x01_Pin,PinHeader_1x01_P2.54mm_Vertical,55.245,-175.895,0.0,bottom
J4,Conn_01x01_Pin,PinHeader_1x01_P2.54mm_Vertical,17.145,-175.895,0.0,bottom
J4,Conn_01x01_Pin,PinHeader_1x01_P2.54mm_Vertical,17.145,-156.845,0.0,bottom
J4,Conn_01x01_Pin,PinHeader_1x01_P2.54mm_Vertical,36.195,-156.845,0.0,bottom
J4,Conn_01x01_Pin,PinHeader_1x01_P2.54mm_Vertical,74.295,-175.895,0.0,bottom
J4,Conn_01x01_Pin,PinHeader_1x01_P2.54mm_Vertical,36.195,-137.795,0.0,bottom
J4,Conn_01x01_Pin,PinHeader_1x01_P2.54mm_Vertical,93.345,-175.895,0.0,bottom
J5,Conn_01x01_Pin,PinHeader_1x01_P2.54mm_Vertical,20.955,-6.985,0.0,bottom
J5,Conn_01x01_Pin,PinHeader_1x01_P2.54mm_Vertical,78.105,-83.185,0.0,bottom
J5,Conn_01x01_Pin,PinHeader_1x01_P2.54mm_Vertical,1.905,-26.035,0.0,bottom
J5,Conn_01x01_Pin,PinHeader_1x01_P2.54mm_Vertical,78.105,-159.385,0.0,bottom
J5,Conn_01x01_Pin,PinHeader_1x01_P2.54mm_Vertical,59.055,-64.135,0.0,bottom
J5,Conn_01x01_Pin,PinHeader_1x01_P2.54mm_Vertical,59.055,-26.035,0.0,bottom
J5,Conn_01x01_Pin,PinHeader_1x01_P2.54mm_Vertical,40.005,-26.035,0.0,bottom
J5,Conn_01x01_Pin,PinHeader_1x01_P2.54mm_Vertical,1.905,-64.135,0.0,bottom
J5,Conn_01x01_Pin,PinHeader_1x01_P2.54mm_Vertical,1.905,-45.085,0.0,bottom
J5,Conn_01x01_Pin,PinHeader_1x01_P2.54mm_Vertical,59.055,-6.985,0.0,bottom
J5,Conn_01x01_Pin,PinHeader_1x01_P2.54mm_Vertical,78.105,-26.035,0.0,bottom
J5,Conn_01x01_Pin,PinHeader_1x01_P2.54mm_Vertical,20.955,-45.085,0.0,bottom
J5,Conn_01x01_Pin,PinHeader_1x01_P2.54mm_Vertical,78.105,-6.985,0.0,bottom
J5,Conn_01x01_Pin,PinHeader_1x01_P2.54mm_Vertical,20.955,-64.135,0.0,bottom
J5,Conn_01x01_Pin,PinHeader_1x01_P2.54mm_Vertical,1.905,-6.985,0.0,bottom
J5,Conn_01x01_Pin,PinHeader_1x01_P2.54mm_Vertical,40.005,-6.985,0.0,bottom
J5,Conn_01x01_Pin,PinHeader_1x01_P2.54mm_Vertical,20.955,-26.035,0.0,bottom
J5,Conn_01x01_Pin,PinHeader_1x01_P2.54mm_Vertical,59.055,-45.085,0.0,bottom
J5,Conn_01x01_Pin,PinHeader_1x01_P2.54mm_Vertical,40.005,-45.085,0.0,bottom
J5,Conn_01x01_Pin,PinHeader_1x01_P2.54mm_Vertical,20.955,-102.235,0.0,bottom
J5,Conn_01x01_Pin,PinHeader_1x01_P2.54mm_Vertical,1.905,-121.285,0.0,bottom
J5,Conn_01x01_Pin,PinHeader_1x01_P2.54mm_Vertical,40.005,-159.385,0.0,bottom
J5,Conn_01x01_Pin,PinHeader_1x01_P2.54mm_Vertical,78.105,-121.285,0.0,bottom
J5,Conn_01x01_Pin,PinHeader_1x01_P2.54mm_Vertical,78.105,-140.335,0.0,bottom
J5,Conn_01x01_Pin,PinHeader_1x01_P2.54mm_Vertical,20.955,-140.335,0.0,bottom
J5,Conn_01x01_Pin,PinHeader_1x01_P2.54mm_Vertical,59.055,-159.385,0.0,bottom
J5,Conn_01x01_Pin,PinHeader_1x01_P2.54mm_Vertical,40.005,-140.335,0.0,bottom
J5,Conn_01x01_Pin,PinHeader_1x01_P2.54mm_Vertical,20.955,-83.185,0.0,bottom
J5,Conn_01x01_Pin,PinHeader_1x01_P2.54mm_Vertical,20.955,-178.435,0.0,bottom
J5,Conn_01x01_Pin,PinHeader_1x01_P2.54mm_Vertical,78.105,-64.135,0.0,bottom
J5,Conn_01x01_Pin,PinHeader_1x01_P2.54mm_Vertical,78.105,-102.235,0.0,bottom
J5,Conn_01x01_Pin,PinHeader_1x01_P2.54mm_Vertical,59.055,-102.235,0.0,bottom
J5,Conn_01x01_Pin,PinHeader_1x01_P2.54mm_Vertical,78.105,-45.085,0.0,bottom
J5,Conn_01x01_Pin,PinHeader_1x01_P2.54mm_Vertical,40.005,-64.135,0.0,bottom
J5,Conn_01x01_Pin,PinHeader_1x01_P2.54mm_Vertical,59.055,-83.185,0.0,bottom
J5,Conn_01x01_Pin,PinHeader_1x01_P2.54mm_Vertical,59.055,-140.335,0.0,bottom
J5,Conn_01x01_Pin,PinHeader_1x01_P2.54mm_Vertical,59.055,-121.285,0.0,bottom
J5,Conn_01x01_Pin,PinHeader_1x01_P2.54mm_Vertical,40.005,-102.235,0.0,bottom
J5,Conn_01x01_Pin,PinHeader_1x01_P2.54mm_Vertical,1.905,-83.185,0.0,bottom
J5,Conn_01x01_Pin,PinHeader_1x01_P2.54mm_Vertical,1.905,-102.235,0.0,bottom
J5,Conn_01x01_Pin,PinHeader_1x01_P2.54mm_Vertical,40.005,-83.185,0.0,bottom
J5,Conn_01x01_Pin,PinHeader_1x01_P2.54mm_Vertical,1.905,-140.335,0.0,bottom
J5,Conn_01x01_Pin,PinHeader_1x01_P2.54mm_Vertical,20.955,-121.285,0.0,bottom
J5,Conn_01x01_Pin,PinHeader_1x01_P2.54mm_Vertical,40.005,-178.435,0.0,bottom
J5,Conn_01x01_Pin,PinHeader_1x01_P2.54mm_Vertical,1.905,-178.435,0.0,bottom
J5,Conn_01x01_Pin,PinHeader_1x01_P2.54mm_Vertical,20.955,-159.385,0.0,bottom
J5,Conn_01x01_Pin,PinHeader_1x01_P2.54mm_Vertical,78.105,-178.435,0.0,bottom
J5,Conn_01x01_Pin,PinHeader_1x01_P2.54mm_Vertical,1.905,-159.385,0.0,bottom
J5,Conn_01x01_Pin,PinHeader_1x01_P2.54mm_Vertical,59.055,-178.435,0.0,bottom
J5,Conn_01x01_Pin,PinHeader_1x01_P2.54mm_Vertical,40.005,-121.285,0.0,bottom
J6,Conn_01x01_Pin,PinHeader_1x01_P2.54mm_Vertical,74.295,-102.235,0.0,bottom
J6,Conn_01x01_Pin,PinHeader_1x01_P2.54mm_Vertical,74.295,-178.435,0.0,bottom
J6,Conn_01x01_Pin,PinHeader_1x01_P2.54mm_Vertical,17.145,-178.435,0.0,bottom
J6,Conn_01x01_Pin,PinHeader_1x01_P2.54mm_Vertical,93.345,-140.335,0.0,bottom
J6,Conn_01x01_Pin,PinHeader_1x01_P2.54mm_Vertical,74.295,-159.385,0.0,bottom
J6,Conn_01x01_Pin,PinHeader_1x01_P2.54mm_Vertical,55.245,-178.435,0.0,bottom
J6,Conn_01x01_Pin,PinHeader_1x01_P2.54mm_Vertical,36.195,-140.335,0.0,bottom
J6,Conn_01x01_Pin,PinHeader_1x01_P2.54mm_Vertical,55.245,-140.335,0.0,bottom
J6,Conn_01x01_Pin,PinHeader_1x01_P2.54mm_Vertical,93.345,-102.235,0.0,bottom
J6,Conn_01x01_Pin,PinHeader_1x01_P2.54mm_Vertical,17.145,-121.285,0.0,bottom
J6,Conn_01x01_Pin,PinHeader_1x01_P2.54mm_Vertical,74.295,-140.335,0.0,bottom
J6,Conn_01x01_Pin,PinHeader_1x01_P2.54mm_Vertical,74.295,-83.185,0.0,bottom
J6,Conn_01x01_Pin,PinHeader_1x01_P2.54mm_Vertical,36.195,-102.235,0.0,bottom
J6,Conn_01x01_Pin,PinHeader_1x01_P2.54mm_Vertical,17.145,-159.385,0.0,bottom
J6,Conn_01x01_Pin,PinHeader_1x01_P2.54mm_Vertical,93.345,-178.435,0.0,bottom
J6,Conn_01x01_Pin,PinHeader_1x01_P2.54mm_Vertical,17.145,-102.235,0.0,bottom
J6,Conn_01x01_Pin,PinHeader_1x01_P2.54mm_Vertical,36.195,-178.435,0.0,bottom
J6,Conn_01x01_Pin,PinHeader_1x01_P2.54mm_Vertical,17.145,-140.335,0.0,bottom
J6,Conn_01x01_Pin,PinHeader_1x01_P2.54mm_Vertical,55.245,-159.385,0.0,bottom
J6,Conn_01x01_Pin,PinHeader_1x01_P2.54mm_Vertical,36.195,-121.285,0.0,bottom
J6,Conn_01x01_Pin,PinHeader_1x01_P2.54mm_Vertical,36.195,-64.135,0.0,bottom
J6,Conn_01x01_Pin,PinHeader_1x01_P2.54mm_Vertical,93.345,-121.285,0.0,bottom
J6,Conn_01x01_Pin,PinHeader_1x01_P2.54mm_Vertical,55.245,-121.285,0.0,bottom
J6,Conn_01x01_Pin,PinHeader_1x01_P2.54mm_Vertical,55.245,-6.985,0.0,bottom
J6,Conn_01x01_Pin,PinHeader_1x01_P2.54mm_Vertical,93.345,-26.035,0.0,bottom
J6,Conn_01x01_Pin,PinHeader_1x01_P2.54mm_Vertical,74.295,-6.985,0.0,bottom
J6,Conn_01x01_Pin,PinHeader_1x01_P2.54mm_Vertical,93.345,-6.985,0.0,bottom
J6,Conn_01x01_Pin,PinHeader_1x01_P2.54mm_Vertical,55.245,-102.235,0.0,bottom
J6,Conn_01x01_Pin,PinHeader_1x01_P2.54mm_Vertical,36.195,-159.385,0.0,bottom
J6,Conn_01x01_Pin,PinHeader_1x01_P2.54mm_Vertical,17.145,-64.135,0.0,bottom
J6,Conn_01x01_Pin,PinHeader_1x01_P2.54mm_Vertical,36.195,-83.185,0.0,bottom
J6,Conn_01x01_Pin,PinHeader_1x01_P2.54mm_Vertical,93.345,-83.185,0.0,bottom
J6,Conn_01x01_Pin,PinHeader_1x01_P2.54mm_Vertical,36.195,-26.035,0.0,bottom
J6,Conn_01x01_Pin,PinHeader_1x01_P2.54mm_Vertical,74.295,-45.085,0.0,bottom
J6,Conn_01x01_Pin,PinHeader_1x01_P2.54mm_Vertical,55.245,-83.185,0.0,bottom
J6,Conn_01x01_Pin,PinHeader_1x01_P2.54mm_Vertical,17.145,-83.185,0.0,bottom
J6,Conn_01x01_Pin,PinHeader_1x01_P2.54mm_Vertical,74.295,-121.285,0.0,bottom
J6,Conn_01x01_Pin,PinHeader_1x01_P2.54mm_Vertical,93.345,-45.085,0.0,bottom
J6,Conn_01x01_Pin,PinHeader_1x01_P2.54mm_Vertical,93.345,-64.135,0.0,bottom
J6,Conn_01x01_Pin,PinHeader_1x01_P2.54mm_Vertical,55.245,-64.135,0.0,bottom
J6,Conn_01x01_Pin,PinHeader_1x01_P2.54mm_Vertical,74.295,-26.035,0.0,bottom
J6,Conn_01x01_Pin,PinHeader_1x01_P2.54mm_Vertical,36.195,-45.085,0.0,bottom
J6,Conn_01x01_Pin,PinHeader_1x01_P2.54mm_Vertical,55.245,-45.085,0.0,bottom
J6,Conn_01x01_Pin,PinHeader_1x01_P2.54mm_Vertical,74.295,-64.135,0.0,bottom
J6,Conn_01x01_Pin,PinHeader_1x01_P2.54mm_Vertical,17.145,-45.085,0.0,bottom
J6,Conn_01x01_Pin,PinHeader_1x01_P2.54mm_Vertical,36.195,-6.985,0.0,bottom
J6,Conn_01x01_Pin,PinHeader_1x01_P2.54mm_Vertical,93.345,-159.385,0.0,bottom
J6,Conn_01x01_Pin,PinHeader_1x01_P2.54mm_Vertical,17.145,-26.035,0.0,bottom
J6,Conn_01x01_Pin,PinHeader_1x01_P2.54mm_Vertical,55.245,-26.035,0.0,bottom
J6,Conn_01x01_Pin,PinHeader_1x01_P2.54mm_Vertical,17.145,-6.985,0.0,bottom
J7,Conn_01x01_Pin,PinHeader_1x01_P2.54mm_Vertical,36.195,-31.115,0.0,bottom
J7,Conn_01x01_Pin,PinHeader_1x01_P2.54mm_Vertical,93.345,-31.115,0.0,bottom
J7,Conn_01x01_Pin,PinHeader_1x01_P2.54mm_Vertical,17.145,-12.065,0.0,bottom
J7,Conn_01x01_Pin,PinHeader_1x01_P2.54mm_Vertical,55.245,-31.115,0.0,bottom
J7,Conn_01x01_Pin,PinHeader_1x01_P2.54mm_Vertical,55.245,-12.065,0.0,bottom
J7,Conn_01x01_Pin,PinHeader_1x01_P2.54mm_Vertical,17.145,-31.115,0.0,bottom
J7,Conn_01x01_Pin,PinHeader_1x01_P2.54mm_Vertical,74.295,-31.115,0.0,bottom
J7,Conn_01x01_Pin,PinHeader_1x01_P2.54mm_Vertical,74.295,-12.065,0.0,bottom
J7,Conn_01x01_Pin,PinHeader_1x01_P2.54mm_Vertical,74.295,-88.265,0.0,bottom
J7,Conn_01x01_Pin,PinHeader_1x01_P2.54mm_Vertical,93.345,-164.465,0.0,bottom
J7,Conn_01x01_Pin,PinHeader_1x01_P2.54mm_Vertical,74.295,-126.365,0.0,bottom
J7,Conn_01x01_Pin,PinHeader_1x01_P2.54mm_Vertical,55.245,-50.165,0.0,bottom
J7,Conn_01x01_Pin,PinHeader_1x01_P2.54mm_Vertical,74.295,-69.215,0.0,bottom
J7,Conn_01x01_Pin,PinHeader_1x01_P2.54mm_Vertical,93.345,-12.065,0.0,bottom
J7,Conn_01x01_Pin,PinHeader_1x01_P2.54mm_Vertical,36.195,-126.365,0.0,bottom
J7,Conn_01x01_Pin,PinHeader_1x01_P2.54mm_Vertical,17.145,-107.315,0.0,bottom
J7,Conn_01x01_Pin,PinHeader_1x01_P2.54mm_Vertical,93.345,-126.365,0.0,bottom
J7,Conn_01x01_Pin,PinHeader_1x01_P2.54mm_Vertical,93.345,-50.165,0.0,bottom
J7,Conn_01x01_Pin,PinHeader_1x01_P2.54mm_Vertical,36.195,-164.465,0.0,bottom
J7,Conn_01x01_Pin,PinHeader_1x01_P2.54mm_Vertical,36.195,-50.165,0.0,bottom
J7,Conn_01x01_Pin,PinHeader_1x01_P2.54mm_Vertical,55.245,-107.315,0.0,bottom
J7,Conn_01x01_Pin,PinHeader_1x01_P2.54mm_Vertical,74.295,-107.315,0.0,bottom
J7,Conn_01x01_Pin,PinHeader_1x01_P2.54mm_Vertical,93.345,-69.215,0.0,bottom
J7,Conn_01x01_Pin,PinHeader_1x01_P2.54mm_Vertical,74.295,-50.165,0.0,bottom
J7,Conn_01x01_Pin,PinHeader_1x01_P2.54mm_Vertical,93.345,-88.265,0.0,bottom
J7,Conn_01x01_Pin,PinHeader_1x01_P2.54mm_Vertical,74.295,-145.415,0.0,bottom
J7,Conn_01x01_Pin,PinHeader_1x01_P2.54mm_Vertical,55.245,-126.365,0.0,bottom
J7,Conn_01x01_Pin,PinHeader_1x01_P2.54mm_Vertical,93.345,-145.415,0.0,bottom
J7,Conn_01x01_Pin,PinHeader_1x01_P2.54mm_Vertical,55.245,-69.215,0.0,bottom
J7,Conn_01x01_Pin,PinHeader_1x01_P2.54mm_Vertical,36.195,-12.065,0.0,bottom
J7,Conn_01x01_Pin,PinHeader_1x01_P2.54mm_Vertical,17.145,-50.165,0.0,bottom
J7,Conn_01x01_Pin,PinHeader_1x01_P2.54mm_Vertical,36.195,-69.215,0.0,bottom
J7,Conn_01x01_Pin,PinHeader_1x01_P2.54mm_Vertical,17.145,-69.215,0.0,bottom
J7,Conn_01x01_Pin,PinHeader_1x01_P2.54mm_Vertical,36.195,-88.265,0.0,bottom
J7,Conn_01x01_Pin,PinHeader_1x01_P2.54mm_Vertical,17.145,-88.265,0.0,bottom
J7,Conn_01x01_Pin,PinHeader_1x01_P2.54mm_Vertical,93.345,-107.315,0.0,bottom
J7,Conn_01x01_Pin,PinHeader_1x01_P2.54mm_Vertical,55.245,-88.265,0.0,bottom
J7,Conn_01x01_Pin,PinHeader_1x01_P2.54mm_Vertical,36.195,-107.315,0.0,bottom
J7,Conn_01x01_Pin,PinHeader_1x01_P2.54mm_Vertical,17.145,-126.365,0.0,bottom
J7,Conn_01x01_Pin,PinHeader_1x01_P2.54mm_Vertical,17.145,-164.465,0.0,bottom
J7,Conn_01x01_Pin,PinHeader_1x01_P2.54mm_Vertical,55.245,-164.465,0.0,bottom
J7,Conn_01x01_Pin,PinHeader_1x01_P2.54mm_Vertical,36.195,-183.515,0.0,bottom
J7,Conn_01x01_Pin,PinHeader_1x01_P2.54mm_Vertical,17.145,-183.515,0.0,bottom
J7,Conn_01x01_Pin,PinHeader_1x01_P2.54mm_Vertical,55.245,-145.415,0.0,bottom
J7,Conn_01x01_Pin,PinHeader_1x01_P2.54mm_Vertical,17.145,-145.415,0.0,bottom
J7,Conn_01x01_Pin,PinHeader_1x01_P2.54mm_Vertical,55.245,-183.515,0.0,bottom
J7,Conn_01x01_Pin,PinHeader_1x01_P2.54mm_Vertical,93.345,-183.515,0.0,bottom
J7,Conn_01x01_Pin,PinHeader_1x01_P2.54mm_Vertical,74.295,-183.515,0.0,bottom
J7,Conn_01x01_Pin,PinHeader_1x01_P2.54mm_Vertical,36.195,-145.415,0.0,bottom
J7,Conn_01x01_Pin,PinHeader_1x01_P2.54mm_Vertical,74.295,-164.465,0.0,bottom
J8,Conn_01x01_Pin,PinHeader_1x01_P2.54mm_Vertical,40.005,-69.215,0.0,bottom
J8,Conn_01x01_Pin,PinHeader_1x01_P2.54mm_Vertical,59.055,-88.265,0.0,bottom
J8,Conn_01x01_Pin,PinHeader_1x01_P2.54mm_Vertical,78.105,-88.265,0.0,bottom
J8,Conn_01x01_Pin,PinHeader_1x01_P2.54mm_Vertical,20.955,-126.365,0.0,bottom
J8,Conn_01x01_Pin,PinHeader_1x01_P2.54mm_Vertical,59.055,-126.365,0.0,bottom
J8,Conn_01x01_Pin,PinHeader_1x01_P2.54mm_Vertical,20.955,-145.415,0.0,bottom
J8,Conn_01x01_Pin,PinHeader_1x01_P2.54mm_Vertical,1.905,-126.365,0.0,bottom
J8,Conn_01x01_Pin,PinHeader_1x01_P2.54mm_Vertical,78.105,-50.165,0.0,bottom
J8,Conn_01x01_Pin,PinHeader_1x01_P2.54mm_Vertical,40.005,-107.315,0.0,bottom
J8,Conn_01x01_Pin,PinHeader_1x01_P2.54mm_Vertical,20.955,-50.165,0.0,bottom
J8,Conn_01x01_Pin,PinHeader_1x01_P2.54mm_Vertical,40.005,-126.365,0.0,bottom
J8,Conn_01x01_Pin,PinHeader_1x01_P2.54mm_Vertical,78.105,-145.415,0.0,bottom
J8,Conn_01x01_Pin,PinHeader_1x01_P2.54mm_Vertical,1.905,-88.265,0.0,bottom
J8,Conn_01x01_Pin,PinHeader_1x01_P2.54mm_Vertical,1.905,-145.415,0.0,bottom
J8,Conn_01x01_Pin,PinHeader_1x01_P2.54mm_Vertical,20.955,-88.265,0.0,bottom
J8,Conn_01x01_Pin,PinHeader_1x01_P2.54mm_Vertical,59.055,-107.315,0.0,bottom
J8,Conn_01x01_Pin,PinHeader_1x01_P2.54mm_Vertical,1.905,-50.165,0.0,bottom
J8,Conn_01x01_Pin,PinHeader_1x01_P2.54mm_Vertical,1.905,-183.515,0.0,bottom
J8,Conn_01x01_Pin,PinHeader_1x01_P2.54mm_Vertical,59.055,-50.165,0.0,bottom
J8,Conn_01x01_Pin,PinHeader_1x01_P2.54mm_Vertical,20.955,-12.065,0.0,bottom
J8,Conn_01x01_Pin,PinHeader_1x01_P2.54mm_Vertical,78.105,-69.215,0.0,bottom
J8,Conn_01x01_Pin,PinHeader_1x01_P2.54mm_Vertical,40.005,-50.165,0.0,bottom
J8,Conn_01x01_Pin,PinHeader_1x01_P2.54mm_Vertical,40.005,-183.515,0.0,bottom
J8,Conn_01x01_Pin,PinHeader_1x01_P2.54mm_Vertical,59.055,-69.215,0.0,bottom
J8,Conn_01x01_Pin,PinHeader_1x01_P2.54mm_Vertical,20.955,-31.115,0.0,bottom
J8,Conn_01x01_Pin,PinHeader_1x01_P2.54mm_Vertical,1.905,-107.315,0.0,bottom
J8,Conn_01x01_Pin,PinHeader_1x01_P2.54mm_Vertical,1.905,-12.065,0.0,bottom
J8,Conn_01x01_Pin,PinHeader_1x01_P2.54mm_Vertical,78.105,-107.315,0.0,bottom
J8,Conn_01x01_Pin,PinHeader_1x01_P2.54mm_Vertical,40.005,-88.265,0.0,bottom
J8,Conn_01x01_Pin,PinHeader_1x01_P2.54mm_Vertical,20.955,-107.315,0.0,bottom
J8,Conn_01x01_Pin,PinHeader_1x01_P2.54mm_Vertical,59.055,-145.415,0.0,bottom
J8,Conn_01x01_Pin,PinHeader_1x01_P2.54mm_Vertical,78.105,-126.365,0.0,bottom
J8,Conn_01x01_Pin,PinHeader_1x01_P2.54mm_Vertical,40.005,-145.415,0.0,bottom
J8,Conn_01x01_Pin,PinHeader_1x01_P2.54mm_Vertical,1.905,-164.465,0.0,bottom
J8,Conn_01x01_Pin,PinHeader_1x01_P2.54mm_Vertical,20.955,-164.465,0.0,bottom
J8,Conn_01x01_Pin,PinHeader_1x01_P2.54mm_Vertical,78.105,-183.515,0.0,bottom
J8,Conn_01x01_Pin,PinHeader_1x01_P2.54mm_Vertical,40.005,-164.465,0.0,bottom
J8,Conn_01x01_Pin,PinHeader_1x01_P2.54mm_Vertical,59.055,-183.515,0.0,bottom
J8,Conn_01x01_Pin,PinHeader_1x01_P2.54mm_Vertical,20.955,-183.515,0.0,bottom
J8,Conn_01x01_Pin,PinHeader_1x01_P2.54mm_Vertical,20.955,-69.215,0.0,bottom
J8,Conn_01x01_Pin,PinHeader_1x01_P2.54mm_Vertical,59.055,-164.465,0.0,bottom
J8,Conn_01x01_Pin,PinHeader_1x01_P2.54mm_Vertical,78.105,-164.465,0.0,bottom
J8,Conn_01x01_Pin,PinHeader_1x01_P2.54mm_Vertical,1.905,-69.215,0.0,bottom
J8,Conn_01x01_Pin,PinHeader_1x01_P2.54mm_Vertical,78.105,-31.115,0.0,bottom
J8,Conn_01x01_Pin,PinHeader_1x01_P2.54mm_Vertical,40.005,-12.065,0.0,bottom
J8,Conn_01x01_Pin,PinHeader_1x01_P2.54mm_Vertical,40.005,-31.115,0.0,bottom
J8,Conn_01x01_Pin,PinHeader_1x01_P2.54mm_Vertical,59.055,-31.115,0.0,bottom
J8,Conn_01x01_Pin,PinHeader_1x01_P2.54mm_Vertical,1.905,-31.115,0.0,bottom
J8,Conn_01x01_Pin,PinHeader_1x01_P2.54mm_Vertical,59.055,-12.065,0.0,bottom
J8,Conn_01x01_Pin,PinHeader_1x01_P2.54mm_Vertical,78.105,-12.065,0.0,bottom
J9,Conn_01x01_Pin,PinHeader_1x01_P2.54mm_Vertical,52.705,-20.955,90.0,bottom
J9,Conn_01x01_Pin,PinHeader_1x01_P2.54mm_Vertical,71.755,-20.955,90.0,bottom
J9,Conn_01x01_Pin,PinHeader_1x01_P2.54mm_Vertical,71.755,-1.905,90.0,bottom
J9,Conn_01x01_Pin,PinHeader_1x01_P2.54mm_Vertical,14.605,-1.905,90.0,bottom
J9,Conn_01x01_Pin,PinHeader_1x01_P2.54mm_Vertical,90.805,-1.905,90.0,bottom
J9,Conn_01x01_Pin,PinHeader_1x01_P2.54mm_Vertical,52.705,-1.905,90.0,bottom
J9,Conn_01x01_Pin,PinHeader_1x01_P2.54mm_Vertical,90.805,-78.105,90.0,bottom
J9,Conn_01x01_Pin,PinHeader_1x01_P2.54mm_Vertical,33.655,-59.055,90.0,bottom
J9,Conn_01x01_Pin,PinHeader_1x01_P2.54mm_Vertical,33.655,-20.955,90.0,bottom
J9,Conn_01x01_Pin,PinHeader_1x01_P2.54mm_Vertical,14.605,-59.055,90.0,bottom
J9,Conn_01x01_Pin,PinHeader_1x01_P2.54mm_Vertical,14.605,-20.955,90.0,bottom
J9,Conn_01x01_Pin,PinHeader_1x01_P2.54mm_Vertical,90.805,-20.955,90.0,bottom
J9,Conn_01x01_Pin,PinHeader_1x01_P2.54mm_Vertical,90.805,-59.055,90.0,bottom
J9,Conn_01x01_Pin,PinHeader_1x01_P2.54mm_Vertical,33.655,-1.905,90.0,bottom
J9,Conn_01x01_Pin,PinHeader_1x01_P2.54mm_Vertical,52.705,-59.055,90.0,bottom
J9,Conn_01x01_Pin,PinHeader_1x01_P2.54mm_Vertical,90.805,-97.155,90.0,bottom
J9,Conn_01x01_Pin,PinHeader_1x01_P2.54mm_Vertical,33.655,-97.155,90.0,bottom
J9,Conn_01x01_Pin,PinHeader_1x01_P2.54mm_Vertical,71.755,-135.255,90.0,bottom
J9,Conn_01x01_Pin,PinHeader_1x01_P2.54mm_Vertical,14.605,-97.155,90.0,bottom
J9,Conn_01x01_Pin,PinHeader_1x01_P2.54mm_Vertical,33.655,-40.005,90.0,bottom
J9,Conn_01x01_Pin,PinHeader_1x01_P2.54mm_Vertical,52.705,-40.005,90.0,bottom
J9,Conn_01x01_Pin,PinHeader_1x01_P2.54mm_Vertical,52.705,-116.205,90.0,bottom
J9,Conn_01x01_Pin,PinHeader_1x01_P2.54mm_Vertical,71.755,-59.055,90.0,bottom
J9,Conn_01x01_Pin,PinHeader_1x01_P2.54mm_Vertical,52.705,-97.155,90.0,bottom
J9,Conn_01x01_Pin,PinHeader_1x01_P2.54mm_Vertical,71.755,-173.355,90.0,bottom
J9,Conn_01x01_Pin,PinHeader_1x01_P2.54mm_Vertical,90.805,-154.305,90.0,bottom
J9,Conn_01x01_Pin,PinHeader_1x01_P2.54mm_Vertical,14.605,-116.205,90.0,bottom
J9,Conn_01x01_Pin,PinHeader_1x01_P2.54mm_Vertical,14.605,-135.255,90.0,bottom
J9,Conn_01x01_Pin,PinHeader_1x01_P2.54mm_Vertical,71.755,-97.155,90.0,bottom
J9,Conn_01x01_Pin,PinHeader_1x01_P2.54mm_Vertical,52.705,-78.105,90.0,bottom
J9,Conn_01x01_Pin,PinHeader_1x01_P2.54mm_Vertical,71.755,-40.005,90.0,bottom
J9,Conn_01x01_Pin,PinHeader_1x01_P2.54mm_Vertical,90.805,-40.005,90.0,bottom
J9,Conn_01x01_Pin,PinHeader_1x01_P2.54mm_Vertical,71.755,-78.105,90.0,bottom
J9,Conn_01x01_Pin,PinHeader_1x01_P2.54mm_Vertical,33.655,-78.105,90.0,bottom
J9,Conn_01x01_Pin,PinHeader_1x01_P2.54mm_Vertical,71.755,-116.205,90.0,bottom
J9,Conn_01x01_Pin,PinHeader_1x01_P2.54mm_Vertical,14.605,-78.105,90.0,bottom
J9,Conn_01x01_Pin,PinHeader_1x01_P2.54mm_Vertical,14.605,-40.005,90.0,bottom
J9,Conn_01x01_Pin,PinHeader_1x01_P2.54mm_Vertical,33.655,-154.305,90.0,bottom
J9,Conn_01x01_Pin,PinHeader_1x01_P2.54mm_Vertical,71.755,-154.305,90.0,bottom
J9,Conn_01x01_Pin,PinHeader_1x01_P2.54mm_Vertical,33.655,-116.205,90.0,bottom
J9,Conn_01x01_Pin,PinHeader_1x01_P2.54mm_Vertical,90.805,-135.255,90.0,bottom
J9,Conn_01x01_Pin,PinHeader_1x01_P2.54mm_Vertical,14.605,-173.355,90.0,bottom
J9,Conn_01x01_Pin,PinHeader_1x01_P2.54mm_Vertical,52.705,-154.305,90.0,bottom
J9,Conn_01x01_Pin,PinHeader_1x01_P2.54mm_Vertical,14.605,-154.305,90.0,bottom
J9,Conn_01x01_Pin,PinHeader_1x01_P2.54mm_Vertical,52.705,-173.355,90.0,bottom
J9,Conn_01x01_Pin,PinHeader_1x01_P2.54mm_Vertical,90.805,-116.205,90.0,bottom
J9,Conn_01x01_Pin,PinHeader_1x01_P2.54mm_Vertical,52.705,-135.255,90.0,bottom
J9,Conn_01x01_Pin,PinHeader_1x01_P2.54mm_Vertical,33.655,-135.255,90.0,bottom
J9,Conn_01x01_Pin,PinHeader_1x01_P2.54mm_Vertical,33.655,-173.355,90.0,bottom
J9,Conn_01x01_Pin,PinHeader_1x01_P2.54mm_Vertical,90.805,-173.355,90.0,bottom
J10,Conn_01x01_Pin,PinHeader_1x01_P2.54mm_Vertical,61.595,-1.905,0.0,bottom
J10,Conn_01x01_Pin,PinHeader_1x01_P2.54mm_Vertical,61.595,-40.005,0.0,bottom
J10,Conn_01x01_Pin,PinHeader_1x01_P2.54mm_Vertical,42.545,-20.955,0.0,bottom
J10,Conn_01x01_Pin,PinHeader_1x01_P2.54mm_Vertical,23.495,-20.955,0.0,bottom
J10,Conn_01x01_Pin,PinHeader_1x01_P2.54mm_Vertical,42.545,-40.005,0.0,bottom
J10,Conn_01x01_Pin,PinHeader_1x01_P2.54mm_Vertical,4.445,-59.055,0.0,bottom
J10,Conn_01x01_Pin,PinHeader_1x01_P2.54mm_Vertical,80.645,-20.955,0.0,bottom
J10,Conn_01x01_Pin,PinHeader_1x01_P2.54mm_Vertical,80.645,-78.105,0.0,bottom
J10,Conn_01x01_Pin,PinHeader_1x01_P2.54mm_Vertical,80.645,-97.155,0.0,bottom
J10,Conn_01x01_Pin,PinHeader_1x01_P2.54mm_Vertical,23.495,-40.005,0.0,bottom
J10,Conn_01x01_Pin,PinHeader_1x01_P2.54mm_Vertical,4.445,-1.905,0.0,bottom
J10,Conn_01x01_Pin,PinHeader_1x01_P2.54mm_Vertical,61.595,-116.205,0.0,bottom
J10,Conn_01x01_Pin,PinHeader_1x01_P2.54mm_Vertical,80.645,-40.005,0.0,bottom
J10,Conn_01x01_Pin,PinHeader_1x01_P2.54mm_Vertical,80.645,-154.305,0.0,bottom
J10,Conn_01x01_Pin,PinHeader_1x01_P2.54mm_Vertical,42.545,-59.055,0.0,bottom
J10,Conn_01x01_Pin,PinHeader_1x01_P2.54mm_Vertical,80.645,-59.055,0.0,bottom
J10,Conn_01x01_Pin,PinHeader_1x01_P2.54mm_Vertical,4.445,-40.005,0.0,bottom
J10,Conn_01x01_Pin,PinHeader_1x01_P2.54mm_Vertical,42.545,-78.105,0.0,bottom
J10,Conn_01x01_Pin,PinHeader_1x01_P2.54mm_Vertical,42.545,-1.905,0.0,bottom
J10,Conn_01x01_Pin,PinHeader_1x01_P2.54mm_Vertical,80.645,-1.905,0.0,bottom
J10,Conn_01x01_Pin,PinHeader_1x01_P2.54mm_Vertical,61.595,-59.055,0.0,bottom
J10,Conn_01x01_Pin,PinHeader_1x01_P2.54mm_Vertical,61.595,-20.955,0.0,bottom
J10,Conn_01x01_Pin,PinHeader_1x01_P2.54mm_Vertical,4.445,-78.105,0.0,bottom
J10,Conn_01x01_Pin,PinHeader_1x01_P2.54mm_Vertical,23.495,-1.905,0.0,bottom
J10,Conn_01x01_Pin,PinHeader_1x01_P2.54mm_Vertical,61.595,-97.155,0.0,bottom
J10,Conn_01x01_Pin,PinHeader_1x01_P2.54mm_Vertical,23.495,-59.055,0.0,bottom
J10,Conn_01x01_Pin,PinHeader_1x01_P2.54mm_Vertical,4.445,-20.955,0.0,bottom
J10,Conn_01x01_Pin,PinHeader_1x01_P2.54mm_Vertical,23.495,-78.105,0.0,bottom
J10,Conn_01x01_Pin,PinHeader_1x01_P2.54mm_Vertical,80.645,-173.355,0.0,bottom
J10,Conn_01x01_Pin,PinHeader_1x01_P2.54mm_Vertical,4.445,-135.255,0.0,bottom
J10,Conn_01x01_Pin,PinHeader_1x01_P2.54mm_Vertical,23.495,-116.205,0.0,bottom
J10,Conn_01x01_Pin,PinHeader_1x01_P2.54mm_Vertical,61.595,-78.105,0.0,bottom
J10,Conn_01x01_Pin,PinHeader_1x01_P2.54mm_Vertical,4.445,-97.155,0.0,bottom
J10,Conn_01x01_Pin,PinHeader_1x01_P2.54mm_Vertical,80.645,-135.255,0.0,bottom
J10,Conn_01x01_Pin,PinHeader_1x01_P2.54mm_Vertical,61.595,-135.255,0.0,bottom
J10,Conn_01x01_Pin,PinHeader_1x01_P2.54mm_Vertical,4.445,-173.355,0.0,bottom
J10,Conn_01x01_Pin,PinHeader_1x01_P2.54mm_Vertical,23.495,-154.305,0.0,bottom
J10,Conn_01x01_Pin,PinHeader_1x01_P2.54mm_Vertical,61.595,-154.305,0.0,bottom
J10,Conn_01x01_Pin,PinHeader_1x01_P2.54mm_Vertical,42.545,-135.255,0.0,bottom
J10,Conn_01x01_Pin,PinHeader_1x01_P2.54mm_Vertical,42.545,-173.355,0.0,bottom
J10,Conn_01x01_Pin,PinHeader_1x01_P2.54mm_Vertical,4.445,-116.205,0.0,bottom
J10,Conn_01x01_Pin,PinHeader_1x01_P2.54mm_Vertical,80.645,-116.205,0.0,bottom
J10,Conn_01x01_Pin,PinHeader_1x01_P2.54mm_Vertical,42.545,-97.155,0.0,bottom
J10,Conn_01x01_Pin,PinHeader_1x01_P2.54mm_Vertical,23.495,-97.155,0.0,bottom
J10,Conn_01x01_Pin,PinHeader_1x01_P2.54mm_Vertical,23.495,-135.255,0.0,bottom
J10,Conn_01x01_Pin,PinHeader_1x01_P2.54mm_Vertical,4.445,-154.305,0.0,bottom
J10,Conn_01x01_Pin,PinHeader_1x01_P2.54mm_Vertical,61.595,-173.355,0.0,bottom
J10,Conn_01x01_Pin,PinHeader_1x01_P2.54mm_Vertical,42.545,-154.305,0.0,bottom
J10,Conn_01x01_Pin,PinHeader_1x01_P2.54mm_Vertical,42.545,-116.205,0.0,bottom
J10,Conn_01x01_Pin,PinHeader_1x01_P2.54mm_Vertical,23.495,-173.355,0.0,bottom
J11,Conn_01x01_Pin,PinHeader_1x01_P1.27mm_Vertical,78.545,-169.525,0.0,bottom
J11,Conn_01x01_Pin,PinHeader_1x01_P1.27mm_Vertical,78.545,-74.275,0.0,bottom
J11,Conn_01x01_Pin,PinHeader_1x01_P1.27mm_Vertical,59.495,-17.125,0.0,bottom
J11,Conn_01x01_Pin,PinHeader_1x01_P1.27mm_Vertical,59.495,-36.175,0.0,bottom
J11,Conn_01x01_Pin,PinHeader_1x01_P1.27mm_Vertical,2.345,-93.325,0.0,bottom
J11,Conn_01x01_Pin,PinHeader_1x01_P1.27mm_Vertical,40.445,-17.125,0.0,bottom
J11,Conn_01x01_Pin,PinHeader_1x01_P1.27mm_Vertical,78.545,-93.325,0.0,bottom
J11,Conn_01x01_Pin,PinHeader_1x01_P1.27mm_Vertical,21.395,-74.275,0.0,bottom
J11,Conn_01x01_Pin,PinHeader_1x01_P1.27mm_Vertical,2.345,-36.175,0.0,bottom
J11,Conn_01x01_Pin,PinHeader_1x01_P1.27mm_Vertical,40.445,-55.225,0.0,bottom
J11,Conn_01x01_Pin,PinHeader_1x01_P1.27mm_Vertical,21.395,-55.225,0.0,bottom
J11,Conn_01x01_Pin,PinHeader_1x01_P1.27mm_Vertical,21.395,-17.125,0.0,bottom
J11,Conn_01x01_Pin,PinHeader_1x01_P1.27mm_Vertical,21.395,-36.175,0.0,bottom
J11,Conn_01x01_Pin,PinHeader_1x01_P1.27mm_Vertical,40.445,-74.275,0.0,bottom
J11,Conn_01x01_Pin,PinHeader_1x01_P1.27mm_Vertical,2.345,-17.125,0.0,bottom
J11,Conn_01x01_Pin,PinHeader_1x01_P1.27mm_Vertical,2.345,-55.225,0.0,bottom
J11,Conn_01x01_Pin,PinHeader_1x01_P1.27mm_Vertical,2.345,-74.275,0.0,bottom
J11,Conn_01x01_Pin,PinHeader_1x01_P1.27mm_Vertical,78.545,-36.175,0.0,bottom
J11,Conn_01x01_Pin,PinHeader_1x01_P1.27mm_Vertical,59.495,-55.225,0.0,bottom
J11,Conn_01x01_Pin,PinHeader_1x01_P1.27mm_Vertical,59.495,-74.275,0.0,bottom
J11,Conn_01x01_Pin,PinHeader_1x01_P1.27mm_Vertical,78.545,-55.225,0.0,bottom
J11,Conn_01x01_Pin,PinHeader_1x01_P1.27mm_Vertical,59.495,-131.425,0.0,bottom
J11,Conn_01x01_Pin,PinHeader_1x01_P1.27mm_Vertical,40.445,-36.175,0.0,bottom
J11,Conn_01x01_Pin,PinHeader_1x01_P1.27mm_Vertical,78.545,-17.125,0.0,bottom
J11,Conn_01x01_Pin,PinHeader_1x01_P1.27mm_Vertical,2.345,-188.575,0.0,bottom
J11,Conn_01x01_Pin,PinHeader_1x01_P1.27mm_Vertical,59.495,-150.475,0.0,bottom
J11,Conn_01x01_Pin,PinHeader_1x01_P1.27mm_Vertical,40.445,-112.375,0.0,bottom
J11,Conn_01x01_Pin,PinHeader_1x01_P1.27mm_Vertical,40.445,-188.575,0.0,bottom
J11,Conn_01x01_Pin,PinHeader_1x01_P1.27mm_Vertical,40.445,-93.325,0.0,bottom
J11,Conn_01x01_Pin,PinHeader_1x01_P1.27mm_Vertical,40.445,-131.425,0.0,bottom
J11,Conn_01x01_Pin,PinHeader_1x01_P1.27mm_Vertical,21.395,-131.425,0.0,bottom
J11,Conn_01x01_Pin,PinHeader_1x01_P1.27mm_Vertical,21.395,-112.375,0.0,bottom
J11,Conn_01x01_Pin,PinHeader_1x01_P1.27mm_Vertical,2.345,-131.425,0.0,bottom
J11,Conn_01x01_Pin,PinHeader_1x01_P1.27mm_Vertical,2.345,-150.475,0.0,bottom
J11,Conn_01x01_Pin,PinHeader_1x01_P1.27mm_Vertical,59.495,-188.575,0.0,bottom
J11,Conn_01x01_Pin,PinHeader_1x01_P1.27mm_Vertical,78.545,-112.375,0.0,bottom
J11,Conn_01x01_Pin,PinHeader_1x01_P1.27mm_Vertical,21.395,-150.475,0.0,bottom
J11,Conn_01x01_Pin,PinHeader_1x01_P1.27mm_Vertical,21.395,-188.575,0.0,bottom
J11,Conn_01x01_Pin,PinHeader_1x01_P1.27mm_Vertical,2.345,-169.525,0.0,bottom
J11,Conn_01x01_Pin,PinHeader_1x01_P1.27mm_Vertical,59.495,-93.325,0.0,bottom
J11,Conn_01x01_Pin,PinHeader_1x01_P1.27mm_Vertical,78.545,-150.475,0.0,bottom
J11,Conn_01x01_Pin,PinHeader_1x01_P1.27mm_Vertical,40.445,-150.475,0.0,bottom
J11,Conn_01x01_Pin,PinHeader_1x01_P1.27mm_Vertical,21.395,-169.525,0.0,bottom
J11,Conn_01x01_Pin,PinHeader_1x01_P1.27mm_Vertical,59.495,-169.525,0.0,bottom
J11,Conn_01x01_Pin,PinHeader_1x01_P1.27mm_Vertical,21.395,-93.325,0.0,bottom
J11,Conn_01x01_Pin,PinHeader_1x01_P1.27mm_Vertical,40.445,-169.525,0.0,bottom
J11,Conn_01x01_Pin,PinHeader_1x01_P1.27mm_Vertical,2.345,-112.375,0.0,bottom
J11,Conn_01x01_Pin,PinHeader_1x01_P1.27mm_Vertical,59.495,-112.375,0.0,bottom
J11,Conn_01x01_Pin,PinHeader_1x01_P1.27mm_Vertical,78.545,-131.425,0.0,bottom
J11,Conn_01x01_Pin,PinHeader_1x01_P1.27mm_Vertical,78.545,-188.575,0.0,bottom
J12,Conn_01x01_Pin,PinHeader_1x01_P2.54mm_Vertical,14.605,-93.345,0.0,bottom
J12,Conn_01x01_Pin,PinHeader_1x01_P2.54mm_Vertical,52.705,-36.195,0.0,bottom
J12,Conn_01x01_Pin,PinHeader_1x01_P2.54mm_Vertical,90.805,-93.345,0.0,bottom
J12,Conn_01x01_Pin,PinHeader_1x01_P2.54mm_Vertical,90.805,-36.195,0.0,bottom
J12,Conn_01x01_Pin,PinHeader_1x01_P2.54mm_Vertical,52.705,-55.245,0.0,bottom
J12,Conn_01x01_Pin,PinHeader_1x01_P2.54mm_Vertical,33.655,-17.145,0.0,bottom
J12,Conn_01x01_Pin,PinHeader_1x01_P2.54mm_Vertical,14.605,-74.295,0.0,bottom
J12,Conn_01x01_Pin,PinHeader_1x01_P2.54mm_Vertical,52.705,-17.145,0.0,bottom
J12,Conn_01x01_Pin,PinHeader_1x01_P2.54mm_Vertical,71.755,-17.145,0.0,bottom
J12,Conn_01x01_Pin,PinHeader_1x01_P2.54mm_Vertical,90.805,-55.245,0.0,bottom
J12,Conn_01x01_Pin,PinHeader_1x01_P2.54mm_Vertical,90.805,-131.445,0.0,bottom
J12,Conn_01x01_Pin,PinHeader_1x01_P2.54mm_Vertical,71.755,-36.195,0.0,bottom
J12,Conn_01x01_Pin,PinHeader_1x01_P2.54mm_Vertical,33.655,-74.295,0.0,bottom
J12,Conn_01x01_Pin,PinHeader_1x01_P2.54mm_Vertical,14.605,-55.245,0.0,bottom
J12,Conn_01x01_Pin,PinHeader_1x01_P2.54mm_Vertical,90.805,-74.295,0.0,bottom
J12,Conn_01x01_Pin,PinHeader_1x01_P2.54mm_Vertical,14.605,-36.195,0.0,bottom
J12,Conn_01x01_Pin,PinHeader_1x01_P2.54mm_Vertical,14.605,-17.145,0.0,bottom
J12,Conn_01x01_Pin,PinHeader_1x01_P2.54mm_Vertical,71.755,-55.245,0.0,bottom
J12,Conn_01x01_Pin,PinHeader_1x01_P2.54mm_Vertical,71.755,-74.295,0.0,bottom
J12,Conn_01x01_Pin,PinHeader_1x01_P2.54mm_Vertical,52.705,-112.395,0.0,bottom
J12,Conn_01x01_Pin,PinHeader_1x01_P2.54mm_Vertical,33.655,-112.395,0.0,bottom
J12,Conn_01x01_Pin,PinHeader_1x01_P2.54mm_Vertical,90.805,-17.145,0.0,bottom
J12,Conn_01x01_Pin,PinHeader_1x01_P2.54mm_Vertical,33.655,-36.195,0.0,bottom
J12,Conn_01x01_Pin,PinHeader_1x01_P2.54mm_Vertical,71.755,-131.445,0.0,bottom
J12,Conn_01x01_Pin,PinHeader_1x01_P2.54mm_Vertical,33.655,-55.245,0.0,bottom
J12,Conn_01x01_Pin,PinHeader_1x01_P2.54mm_Vertical,52.705,-93.345,0.0,bottom
J12,Conn_01x01_Pin,PinHeader_1x01_P2.54mm_Vertical,90.805,-169.545,0.0,bottom
J12,Conn_01x01_Pin,PinHeader_1x01_P2.54mm_Vertical,14.605,-150.495,0.0,bottom
J12,Conn_01x01_Pin,PinHeader_1x01_P2.54mm_Vertical,52.705,-74.295,0.0,bottom
J12,Conn_01x01_Pin,PinHeader_1x01_P2.54mm_Vertical,33.655,-93.345,0.0,bottom
J12,Conn_01x01_Pin,PinHeader_1x01_P2.54mm_Vertical,71.755,-150.495,0.0,bottom
J12,Conn_01x01_Pin,PinHeader_1x01_P2.54mm_Vertical,52.705,-169.545,0.0,bottom
J12,Conn_01x01_Pin,PinHeader_1x01_P2.54mm_Vertical,33.655,-131.445,0.0,bottom
J12,Conn_01x01_Pin,PinHeader_1x01_P2.54mm_Vertical,52.705,-188.595,0.0,bottom
J12,Conn_01x01_Pin,PinHeader_1x01_P2.54mm_Vertical,14.605,-169.545,0.0,bottom
J12,Conn_01x01_Pin,PinHeader_1x01_P2.54mm_Vertical,90.805,-150.495,0.0,bottom
J12,Conn_01x01_Pin,PinHeader_1x01_P2.54mm_Vertical,33.655,-169.545,0.0,bottom
J12,Conn_01x01_Pin,PinHeader_1x01_P2.54mm_Vertical,33.655,-188.595,0.0,bottom
J12,Conn_01x01_Pin,PinHeader_1x01_P2.54mm_Vertical,90.805,-112.395,0.0,bottom
J12,Conn_01x01_Pin,PinHeader_1x01_P2.54mm_Vertical,52.705,-131.445,0.0,bottom
J12,Conn_01x01_Pin,PinHeader_1x01_P2.54mm_Vertical,14.605,-131.445,0.0,bottom
J12,Conn_01x01_Pin,PinHeader_1x01_P2.54mm_Vertical,52.705,-150.495,0.0,bottom
J12,Conn_01x01_Pin,PinHeader_1x01_P2.54mm_Vertical,33.655,-150.495,0.0,bottom
J12,Conn_01x01_Pin,PinHeader_1x01_P2.54mm_Vertical,71.755,-112.395,0.0,bottom
J12,Conn_01x01_Pin,PinHeader_1x01_P2.54mm_Vertical,90.805,-188.595,0.0,bottom
J12,Conn_01x01_Pin,PinHeader_1x01_P2.54mm_Vertical,71.755,-169.545,0.0,bottom
J12,Conn_01x01_Pin,PinHeader_1x01_P2.54mm_Vertical,71.755,-188.595,0.0,bottom
J12,Conn_01x01_Pin,PinHeader_1x01_P2.54mm_Vertical,71.755,-93.345,0.0,bottom
J12,Conn_01x01_Pin,PinHeader_1x01_P2.54mm_Vertical,14.605,-188.595,0.0,bottom
J12,Conn_01x01_Pin,PinHeader_1x01_P2.54mm_Vertical,14.605,-112.395,0.0,bottom
J13,Conn_01x01_Pin,PinHeader_1x01_P1.27mm_Vertical,35.755,-74.275,0.0,bottom
J13,Conn_01x01_Pin,PinHeader_1x01_P1.27mm_Vertical,92.905,-169.525,0.0,bottom
J13,Conn_01x01_Pin,PinHeader_1x01_P1.27mm_Vertical,92.905,-74.275,0.0,bottom
J13,Conn_01x01_Pin,PinHeader_1x01_P1.27mm_Vertical,16.705,-17.125,0.0,bottom
J13,Conn_01x01_Pin,PinHeader_1x01_P1.27mm_Vertical,54.805,-74.275,0.0,bottom
J13,Conn_01x01_Pin,PinHeader_1x01_P1.27mm_Vertical,92.905,-93.325,0.0,bottom
J13,Conn_01x01_Pin,PinHeader_1x01_P1.27mm_Vertical,92.905,-55.225,0.0,bottom
J13,Conn_01x01_Pin,PinHeader_1x01_P1.27mm_Vertical,73.855,-36.175,0.0,bottom
J13,Conn_01x01_Pin,PinHeader_1x01_P1.27mm_Vertical,16.705,-36.175,0.0,bottom
J13,Conn_01x01_Pin,PinHeader_1x01_P1.27mm_Vertical,16.705,-74.275,0.0,bottom
J13,Conn_01x01_Pin,PinHeader_1x01_P1.27mm_Vertical,16.705,-131.425,0.0,bottom
J13,Conn_01x01_Pin,PinHeader_1x01_P1.27mm_Vertical,54.805,-17.125,0.0,bottom
J13,Conn_01x01_Pin,PinHeader_1x01_P1.27mm_Vertical,73.855,-131.425,0.0,bottom
J13,Conn_01x01_Pin,PinHeader_1x01_P1.27mm_Vertical,35.755,-55.225,0.0,bottom
J13,Conn_01x01_Pin,PinHeader_1x01_P1.27mm_Vertical,73.855,-17.125,0.0,bottom
J13,Conn_01x01_Pin,PinHeader_1x01_P1.27mm_Vertical,73.855,-55.225,0.0,bottom
J13,Conn_01x01_Pin,PinHeader_1x01_P1.27mm_Vertical,16.705,-93.325,0.0,bottom
J13,Conn_01x01_Pin,PinHeader_1x01_P1.27mm_Vertical,35.755,-17.125,0.0,bottom
J13,Conn_01x01_Pin,PinHeader_1x01_P1.27mm_Vertical,92.905,-36.175,0.0,bottom
J13,Conn_01x01_Pin,PinHeader_1x01_P1.27mm_Vertical,92.905,-150.475,0.0,bottom
J13,Conn_01x01_Pin,PinHeader_1x01_P1.27mm_Vertical,16.705,-55.225,0.0,bottom
J13,Conn_01x01_Pin,PinHeader_1x01_P1.27mm_Vertical,73.855,-74.275,0.0,bottom
J13,Conn_01x01_Pin,PinHeader_1x01_P1.27mm_Vertical,54.805,-36.175,0.0,bottom
J13,Conn_01x01_Pin,PinHeader_1x01_P1.27mm_Vertical,54.805,-131.425,0.0,bottom
J13,Conn_01x01_Pin,PinHeader_1x01_P1.27mm_Vertical,73.855,-112.375,0.0,bottom
J13,Conn_01x01_Pin,PinHeader_1x01_P1.27mm_Vertical,92.905,-17.125,0.0,bottom
J13,Conn_01x01_Pin,PinHeader_1x01_P1.27mm_Vertical,16.705,-150.475,0.0,bottom
J13,Conn_01x01_Pin,PinHeader_1x01_P1.27mm_Vertical,35.755,-36.175,0.0,bottom
J13,Conn_01x01_Pin,PinHeader_1x01_P1.27mm_Vertical,54.805,-112.375,0.0,bottom
J13,Conn_01x01_Pin,PinHeader_1x01_P1.27mm_Vertical,73.855,-188.575,0.0,bottom
J13,Conn_01x01_Pin,PinHeader_1x01_P1.27mm_Vertical,73.855,-150.475,0.0,bottom
J13,Conn_01x01_Pin,PinHeader_1x01_P1.27mm_Vertical,35.755,-93.325,0.0,bottom
J13,Conn_01x01_Pin,PinHeader_1x01_P1.27mm_Vertical,54.805,-55.225,0.0,bottom
J13,Conn_01x01_Pin,PinHeader_1x01_P1.27mm_Vertical,35.755,-112.375,0.0,bottom
J13,Conn_01x01_Pin,PinHeader_1x01_P1.27mm_Vertical,54.805,-93.325,0.0,bottom
J13,Conn_01x01_Pin,PinHeader_1x01_P1.27mm_Vertical,92.905,-131.425,0.0,bottom
J13,Conn_01x01_Pin,PinHeader_1x01_P1.27mm_Vertical,16.705,-112.375,0.0,bottom
J13,Conn_01x01_Pin,PinHeader_1x01_P1.27mm_Vertical,35.755,-131.425,0.0,bottom
J13,Conn_01x01_Pin,PinHeader_1x01_P1.27mm_Vertical,73.855,-93.325,0.0,bottom
J13,Conn_01x01_Pin,PinHeader_1x01_P1.27mm_Vertical,35.755,-150.475,0.0,bottom
J13,Conn_01x01_Pin,PinHeader_1x01_P1.27mm_Vertical,16.705,-169.525,0.0,bottom
J13,Conn_01x01_Pin,PinHeader_1x01_P1.27mm_Vertical,92.905,-112.375,0.0,bottom
J13,Conn_01x01_Pin,PinHeader_1x01_P1.27mm_Vertical,54.805,-188.575,0.0,bottom
J13,Conn_01x01_Pin,PinHeader_1x01_P1.27mm_Vertical,73.855,-169.525,0.0,bottom
J13,Conn_01x01_Pin,PinHeader_1x01_P1.27mm_Vertical,54.805,-150.475,0.0,bottom
J13,Conn_01x01_Pin,PinHeader_1x01_P1.27mm_Vertical,54.805,-169.525,0.0,bottom
J13,Conn_01x01_Pin,PinHeader_1x01_P1.27mm_Vertical,92.905,-188.575,0.0,bottom
J13,Conn_01x01_Pin,PinHeader_1x01_P1.27mm_Vertical,35.755,-188.575,0.0,bottom
J13,Conn_01x01_Pin,PinHeader_1x01_P1.27mm_Vertical,16.705,-188.575,0.0,bottom
J13,Conn_01x01_Pin,PinHeader_1x01_P1.27mm_Vertical,35.755,-169.525,0.0,bottom
J14,Conn_01x01_Pin,PinHeader_1x01_P2.54mm_Vertical,80.645,-36.195,90.0,bottom
J14,Conn_01x01_Pin,PinHeader_1x01_P2.54mm_Vertical,61.595,-131.445,90.0,bottom
J14,Conn_01x01_Pin,PinHeader_1x01_P2.54mm_Vertical,61.595,-55.245,90.0,bottom
J14,Conn_01x01_Pin,PinHeader_1x01_P2.54mm_Vertical,42.545,-55.245,90.0,bottom
J14,Conn_01x01_Pin,PinHeader_1x01_P2.54mm_Vertical,4.445,-17.145,90.0,bottom
J14,Conn_01x01_Pin,PinHeader_1x01_P2.54mm_Vertical,42.545,-74.295,90.0,bottom
J14,Conn_01x01_Pin,PinHeader_1x01_P2.54mm_Vertical,61.595,-74.295,90.0,bottom
J14,Conn_01x01_Pin,PinHeader_1x01_P2.54mm_Vertical,42.545,-131.445,90.0,bottom
J14,Conn_01x01_Pin,PinHeader_1x01_P2.54mm_Vertical,61.595,-112.395,90.0,bottom
J14,Conn_01x01_Pin,PinHeader_1x01_P2.54mm_Vertical,80.645,-55.245,90.0,bottom
J14,Conn_01x01_Pin,PinHeader_1x01_P2.54mm_Vertical,80.645,-150.495,90.0,bottom
J14,Conn_01x01_Pin,PinHeader_1x01_P2.54mm_Vertical,42.545,-169.545,90.0,bottom
J14,Conn_01x01_Pin,PinHeader_1x01_P2.54mm_Vertical,4.445,-188.595,90.0,bottom
J14,Conn_01x01_Pin,PinHeader_1x01_P2.54mm_Vertical,4.445,-36.195,90.0,bottom
J14,Conn_01x01_Pin,PinHeader_1x01_P2.54mm_Vertical,23.495,-17.145,90.0,bottom
J14,Conn_01x01_Pin,PinHeader_1x01_P2.54mm_Vertical,23.495,-74.295,90.0,bottom
J14,Conn_01x01_Pin,PinHeader_1x01_P2.54mm_Vertical,42.545,-36.195,90.0,bottom
J14,Conn_01x01_Pin,PinHeader_1x01_P2.54mm_Vertical,42.545,-93.345,90.0,bottom
J14,Conn_01x01_Pin,PinHeader_1x01_P2.54mm_Vertical,61.595,-93.345,90.0,bottom
J14,Conn_01x01_Pin,PinHeader_1x01_P2.54mm_Vertical,42.545,-112.395,90.0,bottom
J14,Conn_01x01_Pin,PinHeader_1x01_P2.54mm_Vertical,80.645,-93.345,90.0,bottom
J14,Conn_01x01_Pin,PinHeader_1x01_P2.54mm_Vertical,23.495,-55.245,90.0,bottom
J14,Conn_01x01_Pin,PinHeader_1x01_P2.54mm_Vertical,61.595,-169.545,90.0,bottom
J14,Conn_01x01_Pin,PinHeader_1x01_P2.54mm_Vertical,61.595,-150.495,90.0,bottom
J14,Conn_01x01_Pin,PinHeader_1x01_P2.54mm_Vertical,80.645,-112.395,90.0,bottom
J14,Conn_01x01_Pin,PinHeader_1x01_P2.54mm_Vertical,23.495,-131.445,90.0,bottom
J14,Conn_01x01_Pin,PinHeader_1x01_P2.54mm_Vertical,23.495,-93.345,90.0,bottom
J14,Conn_01x01_Pin,PinHeader_1x01_P2.54mm_Vertical,4.445,-131.445,90.0,bottom
J14,Conn_01x01_Pin,PinHeader_1x01_P2.54mm_Vertical,23.495,-169.545,90.0,bottom
J14,Conn_01x01_Pin,PinHeader_1x01_P2.54mm_Vertical,80.645,-131.445,90.0,bottom
J14,Conn_01x01_Pin,PinHeader_1x01_P2.54mm_Vertical,42.545,-188.595,90.0,bottom
J14,Conn_01x01_Pin,PinHeader_1x01_P2.54mm_Vertical,4.445,-112.395,90.0,bottom
J14,Conn_01x01_Pin,PinHeader_1x01_P2.54mm_Vertical,23.495,-188.595,90.0,bottom
J14,Conn_01x01_Pin,PinHeader_1x01_P2.54mm_Vertical,80.645,-188.595,90.0,bottom
J14,Conn_01x01_Pin,PinHeader_1x01_P2.54mm_Vertical,4.445,-150.495,90.0,bottom
J14,Conn_01x01_Pin,PinHeader_1x01_P2.54mm_Vertical,42.545,-150.495,90.0,bottom
J14,Conn_01x01_Pin,PinHeader_1x01_P2.54mm_Vertical,4.445,-169.545,90.0,bottom
J14,Conn_01x01_Pin,PinHeader_1x01_P2.54mm_Vertical,23.495,-150.495,90.0,bottom
J14,Conn_01x01_Pin,PinHeader_1x01_P2.54mm_Vertical,23.495,-112.395,90.0,bottom
J14,Conn_01x01_Pin,PinHeader_1x01_P2.54mm_Vertical,61.595,-188.595,90.0,bottom
J14,Conn_01x01_Pin,PinHeader_1x01_P2.54mm_Vertical,80.645,-74.295,90.0,bottom
J14,Conn_01x01_Pin,PinHeader_1x01_P2.54mm_Vertical,4.445,-55.245,90.0,bottom
J14,Conn_01x01_Pin,PinHeader_1x01_P2.54mm_Vertical,80.645,-169.545,90.0,bottom
J14,Conn_01x01_Pin,PinHeader_1x01_P2.54mm_Vertical,80.645,-17.145,90.0,bottom
J14,Conn_01x01_Pin,PinHeader_1x01_P2.54mm_Vertical,4.445,-74.295,90.0,bottom
J14,Conn_01x01_Pin,PinHeader_1x01_P2.54mm_Vertical,42.545,-17.145,90.0,bottom
J14,Conn_01x01_Pin,PinHeader_1x01_P2.54mm_Vertical,23.495,-36.195,90.0,bottom
J14,Conn_01x01_Pin,PinHeader_1x01_P2.54mm_Vertical,4.445,-93.345,90.0,bottom
J14,Conn_01x01_Pin,PinHeader_1x01_P2.54mm_Vertical,61.595,-36.195,90.0,bottom
J14,Conn_01x01_Pin,PinHeader_1x01_P2.54mm_Vertical,61.595,-17.145,90.0,bottom
R1,R,R_0402_1005Metric_Pad0.72x0.64mm_HandSolder,89.805,-125.925,90.0,bottom
R1,R,R_0402_1005Metric_Pad0.72x0.64mm_HandSolder,51.705,-183.075,90.0,bottom
R1,R,R_0402_1005Metric_Pad0.72x0.64mm_HandSolder,13.605,-144.975,90.0,bottom
R1,R,R_0402_1005Metric_Pad0.72x0.64mm_HandSolder,51.705,-144.975,90.0,bottom
R1,R,R_0402_1005Metric_Pad0.72x0.64mm_HandSolder,51.705,-68.775,90.0,bottom
R1,R,R_0402_1005Metric_Pad0.72x0.64mm_HandSolder,70.755,-125.925,90.0,bottom
R1,R,R_0402_1005Metric_Pad0.72x0.64mm_HandSolder,89.805,-106.875,90.0,bottom
R1,R,R_0402_1005Metric_Pad0.72x0.64mm_HandSolder,32.655,-144.975,90.0,bottom
R1,R,R_0402_1005Metric_Pad0.72x0.64mm_HandSolder,32.655,-87.825,90.0,bottom
R1,R,R_0402_1005Metric_Pad0.72x0.64mm_HandSolder,13.605,-87.825,90.0,bottom
R1,R,R_0402_1005Metric_Pad0.72x0.64mm_HandSolder,51.705,-87.825,90.0,bottom
R1,R,R_0402_1005Metric_Pad0.72x0.64mm_HandSolder,32.655,-125.925,90.0,bottom
R1,R,R_0402_1005Metric_Pad0.72x0.64mm_HandSolder,70.755,-87.825,90.0,bottom
R1,R,R_0402_1005Metric_Pad0.72x0.64mm_HandSolder,13.605,-164.025,90.0,bottom
R1,R,R_0402_1005Metric_Pad0.72x0.64mm_HandSolder,89.805,-68.775,90.0,bottom
R1,R,R_0402_1005Metric_Pad0.72x0.64mm_HandSolder,70.755,-183.075,90.0,bottom
R1,R,R_0402_1005Metric_Pad0.72x0.64mm_HandSolder,13.605,-106.875,90.0,bottom
R1,R,R_0402_1005Metric_Pad0.72x0.64mm_HandSolder,13.605,-49.725,90.0,bottom
R1,R,R_0402_1005Metric_Pad0.72x0.64mm_HandSolder,32.655,-106.875,90.0,bottom
R1,R,R_0402_1005Metric_Pad0.72x0.64mm_HandSolder,13.605,-125.925,90.0,bottom
R1,R,R_0402_1005Metric_Pad0.72x0.64mm_HandSolder,89.805,-49.725,90.0,bottom
R1,R,R_0402_1005Metric_Pad0.72x0.64mm_HandSolder,32.655,-164.025,90.0,bottom
R1,R,R_0402_1005Metric_Pad0.72x0.64mm_HandSolder,51.705,-164.025,90.0,bottom
R1,R,R_0402_1005Metric_Pad0.72x0.64mm_HandSolder,51.705,-30.675,90.0,bottom
R1,R,R_0402_1005Metric_Pad0.72x0.64mm_HandSolder,32.655,-183.075,90.0,bottom
R1,R,R_0402_1005Metric_Pad0.72x0.64mm_HandSolder,70.755,-68.775,90.0,bottom
R1,R,R_0402_1005Metric_Pad0.72x0.64mm_HandSolder,89.805,-87.825,90.0,bottom
R1,R,R_0402_1005Metric_Pad0.72x0.64mm_HandSolder,70.755,-30.675,90.0,bottom
R1,R,R_0402_1005Metric_Pad0.72x0.64mm_HandSolder,51.705,-106.875,90.0,bottom
R1,R,R_0402_1005Metric_Pad0.72x0.64mm_HandSolder,89.805,-30.675,90.0,bottom
R1,R,R_0402_1005Metric_Pad0.72x0.64mm_HandSolder,70.755,-106.875,90.0,bottom
R1,R,R_0402_1005Metric_Pad0.72x0.64mm_HandSolder,13.605,-183.075,90.0,bottom
R1,R,R_0402_1005Metric_Pad0.72x0.64mm_HandSolder,51.705,-125.925,90.0,bottom
R1,R,R_0402_1005Metric_Pad0.72x0.64mm_HandSolder,70.755,-164.025,90.0,bottom
R1,R,R_0402_1005Metric_Pad0.72x0.64mm_HandSolder,70.755,-144.975,90.0,bottom
R1,R,R_0402_1005Metric_Pad0.72x0.64mm_HandSolder,89.805,-183.075,90.0,bottom
R1,R,R_0402_1005Metric_Pad0.72x0.64mm_HandSolder,89.805,-144.975,90.0,bottom
R1,R,R_0402_1005Metric_Pad0.72x0.64mm_HandSolder,32.655,-49.725,90.0,bottom
R1,R,R_0402_1005Metric_Pad0.72x0.64mm_HandSolder,13.605,-30.675,90.0,bottom
R1,R,R_0402_1005Metric_Pad0.72x0.64mm_HandSolder,51.705,-49.725,90.0,bottom
R1,R,R_0402_1005Metric_Pad0.72x0.64mm_HandSolder,51.705,-11.625,90.0,bottom
R1,R,R_0402_1005Metric_Pad0.72x0.64mm_HandSolder,70.755,-49.725,90.0,bottom
R1,R,R_0402_1005Metric_Pad0.72x0.64mm_HandSolder,32.655,-11.625,90.0,bottom
R1,R,R_0402_1005Metric_Pad0.72x0.64mm_HandSolder,89.805,-164.025,90.0,bottom
R1,R,R_0402_1005Metric_Pad0.72x0.64mm_HandSolder,32.655,-68.775,90.0,bottom
R1,R,R_0402_1005Metric_Pad0.72x0.64mm_HandSolder,13.605,-68.775,90.0,bottom
R1,R,R_0402_1005Metric_Pad0.72x0.64mm_HandSolder,89.805,-11.625,90.0,bottom
R1,R,R_0402_1005Metric_Pad0.72x0.64mm_HandSolder,70.755,-11.625,90.0,bottom
R1,R,R_0402_1005Metric_Pad0.72x0.64mm_HandSolder,32.655,-30.675,90.0,bottom
R1,R,R_0402_1005Metric_Pad0.72x0.64mm_HandSolder,13.605,-11.625,90.0,bottom
R2,R,R_0402_1005Metric_Pad0.72x0.64mm_HandSolder,80.005,-106.875,90.0,bottom
R2,R,R_0402_1005Metric_Pad0.72x0.64mm_HandSolder,22.855,-87.825,90.0,bottom
R2,R,R_0402_1005Metric_Pad0.72x0.64mm_HandSolder,60.955,-106.875,90.0,bottom
R2,R,R_0402_1005Metric_Pad0.72x0.64mm_HandSolder,3.805,-87.825,90.0,bottom
R2,R,R_0402_1005Metric_Pad0.72x0.64mm_HandSolder,41.905,-87.825,90.0,bottom
R2,R,R_0402_1005Metric_Pad0.72x0.64mm_HandSolder,60.955,-125.925,90.0,bottom
R2,R,R_0402_1005Metric_Pad0.72x0.64mm_HandSolder,41.905,-164.025,90.0,bottom
R2,R,R_0402_1005Metric_Pad0.72x0.64mm_HandSolder,60.955,-87.825,90.0,bottom
R2,R,R_0402_1005Metric_Pad0.72x0.64mm_HandSolder,60.955,-164.025,90.0,bottom
R2,R,R_0402_1005Metric_Pad0.72x0.64mm_HandSolder,22.855,-164.025,90.0,bottom
R2,R,R_0402_1005Metric_Pad0.72x0.64mm_HandSolder,3.805,-125.925,90.0,bottom
R2,R,R_0402_1005Metric_Pad0.72x0.64mm_HandSolder,3.805,-106.875,90.0,bottom
R2,R,R_0402_1005Metric_Pad0.72x0.64mm_HandSolder,41.905,-106.875,90.0,bottom
R2,R,R_0402_1005Metric_Pad0.72x0.64mm_HandSolder,41.905,-183.075,90.0,bottom
R2,R,R_0402_1005Metric_Pad0.72x0.64mm_HandSolder,22.855,-183.075,90.0,bottom
R2,R,R_0402_1005Metric_Pad0.72x0.64mm_HandSolder,3.805,-11.625,90.0,bottom
R2,R,R_0402_1005Metric_Pad0.72x0.64mm_HandSolder,60.955,-68.775,90.0,bottom
R2,R,R_0402_1005Metric_Pad0.72x0.64mm_HandSolder,80.005,-49.725,90.0,bottom
R2,R,R_0402_1005Metric_Pad0.72x0.64mm_HandSolder,41.905,-68.775,90.0,bottom
R2,R,R_0402_1005Metric_Pad0.72x0.64mm_HandSolder,60.955,-49.725,90.0,bottom
R2,R,R_0402_1005Metric_Pad0.72x0.64mm_HandSolder,3.805,-49.725,90.0,bottom
R2,R,R_0402_1005Metric_Pad0.72x0.64mm_HandSolder,41.905,-49.725,90.0,bottom
R2,R,R_0402_1005Metric_Pad0.72x0.64mm_HandSolder,80.005,-183.075,90.0,bottom
R2,R,R_0402_1005Metric_Pad0.72x0.64mm_HandSolder,3.805,-164.025,90.0,bottom
R2,R,R_0402_1005Metric_Pad0.72x0.64mm_HandSolder,60.955,-183.075,90.0,bottom
R2,R,R_0402_1005Metric_Pad0.72x0.64mm_HandSolder,3.805,-183.075,90.0,bottom
R2,R,R_0402_1005Metric_Pad0.72x0.64mm_HandSolder,80.005,-68.775,90.0,bottom
R2,R,R_0402_1005Metric_Pad0.72x0.64mm_HandSolder,22.855,-106.875,90.0,bottom
R2,R,R_0402_1005Metric_Pad0.72x0.64mm_HandSolder,22.855,-144.975,90.0,bottom
R2,R,R_0402_1005Metric_Pad0.72x0.64mm_HandSolder,41.905,-144.975,90.0,bottom
R2,R,R_0402_1005Metric_Pad0.72x0.64mm_HandSolder,80.005,-164.025,90.0,bottom
R2,R,R_0402_1005Metric_Pad0.72x0.64mm_HandSolder,22.855,-125.925,90.0,bottom
R2,R,R_0402_1005Metric_Pad0.72x0.64mm_HandSolder,80.005,-125.925,90.0,bottom
R2,R,R_0402_1005Metric_Pad0.72x0.64mm_HandSolder,41.905,-125.925,90.0,bottom
R2,R,R_0402_1005Metric_Pad0.72x0.64mm_HandSolder,22.855,-49.725,90.0,bottom
R2,R,R_0402_1005Metric_Pad0.72x0.64mm_HandSolder,41.905,-11.625,90.0,bottom
R2,R,R_0402_1005Metric_Pad0.72x0.64mm_HandSolder,60.955,-11.625,90.0,bottom
R2,R,R_0402_1005Metric_Pad0.72x0.64mm_HandSolder,3.805,-144.975,90.0,bottom
R2,R,R_0402_1005Metric_Pad0.72x0.64mm_HandSolder,60.955,-30.675,90.0,bottom
R2,R,R_0402_1005Metric_Pad0.72x0.64mm_HandSolder,3.805,-30.675,90.0,bottom
R2,R,R_0402_1005Metric_Pad0.72x0.64mm_HandSolder,22.855,-30.675,90.0,bottom
R2,R,R_0402_1005Metric_Pad0.72x0.64mm_HandSolder,3.805,-68.775,90.0,bottom
R2,R,R_0402_1005Metric_Pad0.72x0.64mm_HandSolder,80.005,-144.975,90.0,bottom
R2,R,R_0402_1005Metric_Pad0.72x0.64mm_HandSolder,22.855,-68.775,90.0,bottom
R2,R,R_0402_1005Metric_Pad0.72x0.64mm_HandSolder,60.955,-144.975,90.0,bottom
R2,R,R_0402_1005Metric_Pad0.72x0.64mm_HandSolder,22.855,-11.625,90.0,bottom
R2,R,R_0402_1005Metric_Pad0.72x0.64mm_HandSolder,80.005,-87.825,90.0,bottom
R2,R,R_0402_1005Metric_Pad0.72x0.64mm_HandSolder,80.005,-11.625,90.0,bottom
R2,R,R_0402_1005Metric_Pad0.72x0.64mm_HandSolder,80.005,-30.675,90.0,bottom
R2,R,R_0402_1005Metric_Pad0.72x0.64mm_HandSolder,41.905,-30.675,90.0,bottom
R3,R,R_0402_1005Metric_Pad0.72x0.64mm_HandSolder,31.155,-30.675,90.0,bottom
R3,R,R_0402_1005Metric_Pad0.72x0.64mm_HandSolder,12.105,-11.625,90.0,bottom
R3,R,R_0402_1005Metric_Pad0.72x0.64mm_HandSolder,88.305,-87.825,90.0,bottom
R3,R,R_0402_1005Metric_Pad0.72x0.64mm_HandSolder,31.155,-11.625,90.0,bottom
R3,R,R_0402_1005Metric_Pad0.72x0.64mm_HandSolder,50.205,-11.625,90.0,bottom
R3,R,R_0402_1005Metric_Pad0.72x0.64mm_HandSolder,69.255,-11.625,90.0,bottom
R3,R,R_0402_1005Metric_Pad0.72x0.64mm_HandSolder,69.255,-30.675,90.0,bottom
R3,R,R_0402_1005Metric_Pad0.72x0.64mm_HandSolder,12.105,-30.675,90.0,bottom
R3,R,R_0402_1005Metric_Pad0.72x0.64mm_HandSolder,31.155,-68.775,90.0,bottom
R3,R,R_0402_1005Metric_Pad0.72x0.64mm_HandSolder,69.255,-49.725,90.0,bottom
R3,R,R_0402_1005Metric_Pad0.72x0.64mm_HandSolder,88.305,-11.625,90.0,bottom
R3,R,R_0402_1005Metric_Pad0.72x0.64mm_HandSolder,69.255,-144.975,90.0,bottom
R3,R,R_0402_1005Metric_Pad0.72x0.64mm_HandSolder,88.305,-49.725,90.0,bottom
R3,R,R_0402_1005Metric_Pad0.72x0.64mm_HandSolder,88.305,-30.675,90.0,bottom
R3,R,R_0402_1005Metric_Pad0.72x0.64mm_HandSolder,88.305,-68.775,90.0,bottom
R3,R,R_0402_1005Metric_Pad0.72x0.64mm_HandSolder,69.255,-125.925,90.0,bottom
R3,R,R_0402_1005Metric_Pad0.72x0.64mm_HandSolder,88.305,-106.875,90.0,bottom
R3,R,R_0402_1005Metric_Pad0.72x0.64mm_HandSolder,50.205,-49.725,90.0,bottom
R3,R,R_0402_1005Metric_Pad0.72x0.64mm_HandSolder,50.205,-68.775,90.0,bottom
R3,R,R_0402_1005Metric_Pad0.72x0.64mm_HandSolder,50.205,-30.675,90.0,bottom
R3,R,R_0402_1005Metric_Pad0.72x0.64mm_HandSolder,12.105,-68.775,90.0,bottom
R3,R,R_0402_1005Metric_Pad0.72x0.64mm_HandSolder,12.105,-49.725,90.0,bottom
R3,R,R_0402_1005Metric_Pad0.72x0.64mm_HandSolder,88.305,-164.025,90.0,bottom
R3,R,R_0402_1005Metric_Pad0.72x0.64mm_HandSolder,31.155,-87.825,90.0,bottom
R3,R,R_0402_1005Metric_Pad0.72x0.64mm_HandSolder,50.205,-87.825,90.0,bottom
R3,R,R_0402_1005Metric_Pad0.72x0.64mm_HandSolder,69.255,-68.775,90.0,bottom
R3,R,R_0402_1005Metric_Pad0.72x0.64mm_HandSolder,12.105,-87.825,90.0,bottom
R3,R,R_0402_1005Metric_Pad0.72x0.64mm_HandSolder,31.155,-49.725,90.0,bottom
R3,R,R_0402_1005Metric_Pad0.72x0.64mm_HandSolder,31.155,-106.875,90.0,bottom
R3,R,R_0402_1005Metric_Pad0.72x0.64mm_HandSolder,69.255,-87.825,90.0,bottom
R3,R,R_0402_1005Metric_Pad0.72x0.64mm_HandSolder,50.205,-183.075,90.0,bottom
R3,R,R_0402_1005Metric_Pad0.72x0.64mm_HandSolder,88.305,-144.975,90.0,bottom
R3,R,R_0402_1005Metric_Pad0.72x0.64mm_HandSolder,88.305,-183.075,90.0,bottom
R3,R,R_0402_1005Metric_Pad0.72x0.64mm_HandSolder,50.205,-125.925,90.0,bottom
R3,R,R_0402_1005Metric_Pad0.72x0.64mm_HandSolder,12.105,-125.925,90.0,bottom
R3,R,R_0402_1005Metric_Pad0.72x0.64mm_HandSolder,69.255,-106.875,90.0,bottom
R3,R,R_0402_1005Metric_Pad0.72x0.64mm_HandSolder,31.155,-144.975,90.0,bottom
R3,R,R_0402_1005Metric_Pad0.72x0.64mm_HandSolder,50.205,-144.975,90.0,bottom
R3,R,R_0402_1005Metric_Pad0.72x0.64mm_HandSolder,12.105,-164.025,90.0,bottom
R3,R,R_0402_1005Metric_Pad0.72x0.64mm_HandSolder,31.155,-164.025,90.0,bottom
R3,R,R_0402_1005Metric_Pad0.72x0.64mm_HandSolder,12.105,-144.975,90.0,bottom
R3,R,R_0402_1005Metric_Pad0.72x0.64mm_HandSolder,88.305,-125.925,90.0,bottom
R3,R,R_0402_1005Metric_Pad0.72x0.64mm_HandSolder,31.155,-125.925,90.0,bottom
R3,R,R_0402_1005Metric_Pad0.72x0.64mm_HandSolder,50.205,-106.875,90.0,bottom
R3,R,R_0402_1005Metric_Pad0.72x0.64mm_HandSolder,12.105,-106.875,90.0,bottom
R3,R,R_0402_1005Metric_Pad0.72x0.64mm_HandSolder,69.255,-183.075,90.0,bottom
R3,R,R_0402_1005Metric_Pad0.72x0.64mm_HandSolder,69.255,-164.025,90.0,bottom
R3,R,R_0402_1005Metric_Pad0.72x0.64mm_HandSolder,12.105,-183.075,90.0,bottom
R3,R,R_0402_1005Metric_Pad0.72x0.64mm_HandSolder,50.205,-164.025,90.0,bottom
R3,R,R_0402_1005Metric_Pad0.72x0.64mm_HandSolder,31.155,-183.075,90.0,bottom
U1,SLSS49E,SOT-23-3,9.525,-66.675,180.0,bottom
U1,SLSS49E,SOT-23-3,47.625,-47.625,180.0,bottom
U1,SLSS49E,SOT-23-3,85.725,-161.925,180.0,bottom
U1,SLSS49E,SOT-23-3,28.575,-47.625,180.0,bottom
U1,SLSS49E,SOT-23-3,9.525,-9.525,180.0,bottom
U1,SLSS49E,SOT-23-3,47.625,-28.575,180.0,bottom
U1,SLSS49E,SOT-23-3,28.575,-28.575,180.0,bottom
U1,SLSS49E,SOT-23-3,28.575,-9.525,180.0,bottom
U1,SLSS49E,SOT-23-3,85.725,-28.575,180.0,bottom
U1,SLSS49E,SOT-23-3,85.725,-85.725,180.0,bottom
U1,SLSS49E,SOT-23-3,85.725,-9.525,180.0,bottom
U1,SLSS49E,SOT-23-3,9.525,-180.975,180.0,bottom
U1,SLSS49E,SOT-23-3,28.575,-161.925,180.0,bottom
U1,SLSS49E,SOT-23-3,47.625,-85.725,180.0,bottom
U1,SLSS49E,SOT-23-3,66.675,-104.775,180.0,bottom
U1,SLSS49E,SOT-23-3,66.675,-123.825,180.0,bottom
U1,SLSS49E,SOT-23-3,85.725,-142.875,180.0,bottom
U1,SLSS49E,SOT-23-3,28.575,-66.675,180.0,bottom
U1,SLSS49E,SOT-23-3,9.525,-47.625,180.0,bottom
U1,SLSS49E,SOT-23-3,66.675,-9.525,180.0,bottom
U1,SLSS49E,SOT-23-3,47.625,-142.875,180.0,bottom
U1,SLSS49E,SOT-23-3,9.525,-28.575,180.0,bottom
U1,SLSS49E,SOT-23-3,85.725,-66.675,180.0,bottom
U1,SLSS49E,SOT-23-3,66.675,-28.575,180.0,bottom
U1,SLSS49E,SOT-23-3,47.625,-9.525,180.0,bottom
U1,SLSS49E,SOT-23-3,47.625,-180.975,180.0,bottom
U1,SLSS49E,SOT-23-3,66.675,-47.625,180.0,bottom
U1,SLSS49E,SOT-23-3,85.725,-47.625,180.0,bottom
U1,SLSS49E,SOT-23-3,66.675,-85.725,180.0,bottom
U1,SLSS49E,SOT-23-3,66.675,-66.675,180.0,bottom
U1,SLSS49E,SOT-23-3,47.625,-66.675,180.0,bottom
U1,SLSS49E,SOT-23-3,47.625,-123.825,180.0,bottom
U1,SLSS49E,SOT-23-3,28.575,-142.875,180.0,bottom
U1,SLSS49E,SOT-23-3,9.525,-104.775,180.0,bottom
U1,SLSS49E,SOT-23-3,9.525,-85.725,180.0,bottom
U1,SLSS49E,SOT-23-3,47.625,-104.775,180.0,bottom
U1,SLSS49E,SOT-23-3,28.575,-85.725,180.0,bottom
U1,SLSS49E,SOT-23-3,28.575,-123.825,180.0,bottom
U1,SLSS49E,SOT-23-3,85.725,-104.775,180.0,bottom
U1,SLSS49E,SOT-23-3,28.575,-104.775,180.0,bottom
U1,SLSS49E,SOT-23-3,9.525,-123.825,180.0,bottom
U1,SLSS49E,SOT-23-3,9.525,-142.875,180.0,bottom
U1,SLSS49E,SOT-23-3,9.525,-161.925,180.0,bottom
U1,SLSS49E,SOT-23-3,47.625,-161.925,180.0,bottom
U1,SLSS49E,SOT-23-3,66.675,-142.875,180.0,bottom
U1,SLSS49E,SOT-23-3,85.725,-123.825,180.0,bottom
U1,SLSS49E,SOT-23-3,28.575,-180.975,180.0,bottom
U1,SLSS49E,SOT-23-3,66.675,-161.925,180.0,bottom
U1,SLSS49E,SOT-23-3,66.675,-180.975,180.0,bottom
U1,SLSS49E,SOT-23-3,85.725,-180.975,180.0,bottom
